,bw,n_files,files
0,0,0,none
1,5,0,none
2,10,0,none
3,15,3,ru4nvq.jpg;rqukub.jpg;rtc1w2.jpg
4,20,11,rnwsal.jpg;rm1s3y.jpg;ru5pu3.jpg;ru4s3b.jpg;rrja38.jpg;rpkhms.jpg
5,25,8,rls8y8.jpg;rs5xga.jpg;rmox4f.jpg;ru0pew.jpg;ru44s4.jpg;rtzi9l.jpg;rrvevn.jpg;ru127q.jpg
6,30,20,rttti6.jpg;ru2oym.jpg;ru0hqt.jpg;rtfxak.jpg;ru5xve.jpg;rtyck8.jpg;rtoapa.jpg;ru5hdv.jpg;rte9ax.jpg;ru0i0i.jpg;rm9wlc.jpg;rpoyl6.jpg;rtyd5g.jpg;rtznii.jpg;rqrjxn.jpg;rtv7g9.jpg;rr4rcp.jpg;rnxhso.jpg;rnzghc.jpg;rs2ohb.jpg
7,35,15,rtmmuv.jpg;rqn5wr.jpg;rsi4rq.jpg;rncjpt.jpg;rqmi98.jpg;rs7ajz.jpg;rmc48h.jpg;rslzba.jpg;rtmmlz.jpg;rt00b3.jpg;rtn3ma.jpg;rruhs3.jpg;rtijyq.jpg;ru2uyu.jpg;rsoser.jpg
8,40,22,rrqr5n.jpg;ru74bv.jpg;rtjhax.jpg;rq8ffb.jpg;rqdhvp.jpg;ru2wxu.jpg;rkyf5m.jpg;rtsk77.jpg;rq31vd.jpg;rtvhx5.jpg;rt0jdt.jpg;rnjy4o.jpg;ru1eff.jpg;rsi5zk.jpg;rtx401.jpg;ru7wr0.jpg;rtjkod.jpg;rtx9dh.jpg;rluk67.jpg;rtcdrc.jpg;rsjc58.jpg;rt3fnz.jpg
9,45,42,ru3gmt.jpg;rtstpc.jpg;ru27es.jpg;ru0wbf.jpg;ru0wpx.jpg;rtwon9.jpg;ru2jk0.jpg;ru12mh.jpg;ru5m0g.jpg;rr9rua.jpg;rrtscd.jpg;ru3x3w.jpg;rrvh3r.jpg;rr6zvh.jpg;rqzgn3.jpg;rsgdt4.jpg;rtwlw1.jpg;rstrfj.jpg;rsyjxk.jpg;ru5nam.jpg;rtv991.jpg;rtz11h.jpg;rpn0cy.jpg;rtjm6p.jpg;rtvbyx.jpg;ru4tu2.jpg;ru2l52.jpg;rtjm7v.jpg;rnil51.jpg;ru1xy9.jpg;rsd5gm.jpg;rjcn8k.jpg;rjj2at.jpg;rsk9ou.jpg;rrz4ga.jpg;ru0xeq.jpg;rrwazu.jpg;ru2owl.jpg;rtm5xy.jpg;ru10y0.jpg;rs3vwf.jpg;rrfuy8.jpg
10,50,70,rmdtow.jpg;rtzf9i.jpg;ro4mtn.jpg;rtzej7.jpg;rqxl0p.jpg;rnyxtf.jpg;rtw5u2.jpg;rty68s.jpg;rt4t85.jpg;rt8d2k.jpg;ru99zl.jpg;ru2s76.jpg;ru878o.jpg;rqs32a.jpg;rtyo9x.jpg;rtpyjs.jpg;rtxzzo.jpg;rsa0r9.jpg;rtx112.jpg;ru17ql.jpg;robc7m.jpg;rtfiaj.jpg;rtozr1.jpg;rs8z1l.jpg;rtoqry.jpg;rtd891.jpg;rpz4rz.jpg;rsq4xm.jpg;rtlmad.jpg;rsb98b.jpg;rto6je.jpg;ru5kec.jpg;rtv5if.jpg;ru7ud4.jpg;rtxkml.jpg;rtmonc.jpg;ru32tx.jpg;rsdh6g.jpg;rtmn1c.jpg;rrde14.jpg;roe54e.jpg;rtzoal.jpg;rqzt9m.jpg;rte1s5.jpg;ru6kvp.jpg;rtwmby.jpg;rq9e5q.jpg;rri4gg.jpg;rttyfj.jpg;rtwf7m.jpg;ru04of.jpg;rors7p.jpg;rtyk0z.jpg;ru5x0g.jpg;ru499w.jpg;ro2gw9.jpg;rjy08z.jpg;rryat7.jpg;ru5wty.jpg;rq26s7.jpg;rooha0.jpg;rr6jwv.jpg;rn1fye.jpg;ru9hw0.jpg;rtwo2b.jpg;rtuf4k.jpg;rtqba3.jpg;rs8dxd.jpg;ru1zj2.jpg;rlpk6k.jpg
11,55,85,rtwjln.jpg;ru3769.jpg;rto0wp.jpg;rsi578.jpg;rslua3.jpg;rrarzp.jpg;ru4s6c.jpg;ru0nht.jpg;rt6y6l.jpg;rtin3c.jpg;rtvv9b.jpg;rsxi8s.jpg;rtvutf.jpg;rpcc56.jpg;rrm5tl.jpg;ru7lwi.jpg;ru4gpx.jpg;ru61ls.jpg;rrt86q.jpg;rtrbw2.jpg;rtnk8j.jpg;ru7nhg.jpg;rskmai.jpg;rti18h.jpg;rqxp70.jpg;rtwpmn.jpg;ru8usj.jpg;rqmlmh.jpg;rti0rn.jpg;ru5ccq.jpg;rtxip8.jpg;rsmmmd.jpg;rtbow2.jpg;rtrbf1.jpg;rtptyw.jpg;rqrtlh.jpg;rr4w8p.jpg;rtu2mo.jpg;rtqz8w.jpg;rpotyg.jpg;rmq3c1.jpg;rpdszl.jpg;rtv4l4.jpg;rtw6z4.jpg;rtp5f2.jpg;ru5i41.jpg;rter0m.jpg;rrso0m.jpg;rtjwii.jpg;rmdm8b.jpg;rtu3h1.jpg;ru03ss.jpg;rthe2s.jpg;rtwm59.jpg;rtahgw.jpg;rsi34n.jpg;rtlyzc.jpg;rtyn8d.jpg;rrm9es.jpg;ru0w8u.jpg;rrsxgu.jpg;rtkvw4.jpg;rqz774.jpg;rtwpan.jpg;rnfslv.jpg;ru3abh.jpg;rtn34e.jpg;rtu6gv.jpg;rrpfla.jpg;rksgvp.jpg;rk6b77.jpg;ru4z8q.jpg;rtwzuv.jpg;rm5owp.jpg;riy42q.jpg;rtfwc5.jpg;rss31g.jpg;rtvw9o.jpg;rkimld.jpg;rtwyak.jpg;rskj69.jpg;rtxnic.jpg;ru58gm.jpg;rsdxvf.jpg;rtlt6z.jpg
12,60,101,rtswop.jpg;ru8mb3.jpg;rt09d4.jpg;rtju55.jpg;rrgqct.jpg;rtyjl6.jpg;rrbw2a.jpg;rtlwv6.jpg;rtum6d.jpg;rtu1ai.jpg;rsrdc6.jpg;ru3zr1.jpg;rt5aak.jpg;rts283.jpg;rodt02.jpg;rst90c.jpg;rql6cr.jpg;rkc4vh.jpg;rtzbom.jpg;rts1ds.jpg;rko5eq.jpg;rlyu6g.jpg;rtrzrh.jpg;rtdh22.jpg;rtivgu.jpg;rtmiuz.jpg;ru1zkt.jpg;rtne5t.jpg;rr8pft.jpg;rrymm9.jpg;ru6v9p.jpg;rr8p44.jpg;ru8g7a.jpg;ru97t6.jpg;ru8cd5.jpg;ru5ra0.jpg;rtteqk.jpg;rmy8kz.jpg;rtyjw1.jpg;roow8r.jpg;rqtbns.jpg;rjomfg.jpg;rlonnl.jpg;rrcxnh.jpg;rsylor.jpg;rsftk6.jpg;rr7wko.jpg;rtssah.jpg;rrwt91.jpg;ru0o4q.jpg;ru0ln4.jpg;ru3dny.jpg;ru4ipu.jpg;rrsxmg.jpg;rsg08s.jpg;rt9b3p.jpg;rtuw6v.jpg;ru1jwn.jpg;rtw47x.jpg;rtv182.jpg;rtub51.jpg;rsovog.jpg;ru87kv.jpg;rn7a5d.jpg;ru3653.jpg;ru4e4g.jpg;rroasl.jpg;rtm7as.jpg;ru7xve.jpg;rtqm9q.jpg;rs19pk.jpg;ru3bzw.jpg;ru6v1u.jpg;rlxgwv.jpg;rr7wqa.jpg;rtdgr4.jpg;ru2qi8.jpg;rsab0d.jpg;rqiz2f.jpg;ru26s6.jpg;rtogiz.jpg;rtm7zb.jpg;ru96yj.jpg;rtux8p.jpg;rtw0ve.jpg;ru5i7g.jpg;rtulpe.jpg;ru2lxx.jpg;rti9c9.jpg;rogko1.jpg;ru1yl6.jpg;ru0omp.jpg;rtfcmq.jpg;rpwnz4.jpg;rrnyrk.jpg;riepnt.jpg;rtfevw.jpg;rts1c7.jpg;ru4a5f.jpg;ru139j.jpg;rngz2j.jpg
13,65,104,rnz1w3.jpg;rty82d.jpg;rr9mtf.jpg;rjm164.jpg;rmdvrb.jpg;rtxakx.jpg;rsl7nf.jpg;rtb1ci.jpg;rtt4a9.jpg;ru1d1u.jpg;rskehx.jpg;rquwmd.jpg;ru2unm.jpg;ru2q80.jpg;rtdfes.jpg;rjtp60.jpg;ru1jlz.jpg;rmhpyg.jpg;rtzlbh.jpg;rtlft3.jpg;rrb3ke.jpg;rsrq6s.jpg;rt97t3.jpg;ru5836.jpg;rtmknr.jpg;rtx6mx.jpg;rsjn7x.jpg;ru13qd.jpg;ru4n0j.jpg;rsebbm.jpg;rqvkdp.jpg;rr8wgx.jpg;rrtffy.jpg;rtkibl.jpg;rtp7hm.jpg;rts2cl.jpg;rtm109.jpg;rtddzx.jpg;ru10qg.jpg;ru31n1.jpg;rnamym.jpg;rtxj16.jpg;rrmnro.jpg;ru4zzd.jpg;rtdlbg.jpg;rts3w9.jpg;rr55yu.jpg;ru60nw.jpg;rtphl1.jpg;rsm3p7.jpg;rr8x1d.jpg;rmwbz9.jpg;rquqgj.jpg;ru1ojj.jpg;rtxdf6.jpg;rl5q5q.jpg;rquz4f.jpg;rkzb3w.jpg;rthsnw.jpg;rthtx3.jpg;rtx4vn.jpg;ru77is.jpg;ru9851.jpg;rqwubm.jpg;ru8lou.jpg;rtcynf.jpg;rrynof.jpg;riusaw.jpg;rqxkcc.jpg;rovof8.jpg;rtsrlf.jpg;ru5pp2.jpg;rmipzm.jpg;ru8s7x.jpg;ru34dp.jpg;rtpwmg.jpg;ru0m7h.jpg;rsms21.jpg;ru4jwd.jpg;rrd83s.jpg;rtvyv1.jpg;rtp832.jpg;rrul6l.jpg;rtk5aj.jpg;rtml9v.jpg;rtvxnv.jpg;rryb3a.jpg;rtcezc.jpg;rtzph1.jpg;ro8red.jpg;rj0bk9.jpg;rmoozp.jpg;rtaxol.jpg;ru0iux.jpg;rtfo6i.jpg;ru1usv.jpg;rtznbd.jpg;ru0jod.jpg;rruj4p.jpg;rtka9a.jpg;ru89zg.jpg;rp0uxu.jpg;ru0vtc.jpg;rtr1z4.jpg
14,70,136,ru0sm4.jpg;rtldu1.jpg;rrq8ej.jpg;ru7dhy.jpg;rs7i6g.jpg;rtxqt8.jpg;rshvzl.jpg;ru2p73.jpg;ru62bt.jpg;rtnzj6.jpg;ru8cdr.jpg;rla3hp.jpg;rs1hyi.jpg;rqeph3.jpg;rtg31e.jpg;rs86v4.jpg;rtr9qq.jpg;rtuvw8.jpg;rtgn9j.jpg;ru3frz.jpg;rtsw1s.jpg;ru3or3.jpg;rompxb.jpg;rto22j.jpg;ru8nqf.jpg;rqerin.jpg;rtyhmj.jpg;rq9rtq.jpg;rrqbtm.jpg;rtz1yz.jpg;rq9rcv.jpg;ru40dv.jpg;rtu9y3.jpg;rttqls.jpg;ru71zr.jpg;rtk5k8.jpg;rtcdva.jpg;ru5zq4.jpg;rplone.jpg;rtt01o.jpg;rtwo4v.jpg;ru2x6b.jpg;rs935j.jpg;rrspa6.jpg;rsk2d6.jpg;rtsv0h.jpg;rthhye.jpg;rtlhkm.jpg;rty5dt.jpg;rsyksy.jpg;rtz8rd.jpg;rtgxby.jpg;rtdpn7.jpg;rtuwyr.jpg;rrokj7.jpg;rtzepn.jpg;ru1kyf.jpg;rtk8m4.jpg;rtxv6i.jpg;ru7wv5.jpg;rtqxbq.jpg;rrco4d.jpg;rmcd23.jpg;rrirkt.jpg;rq2his.jpg;rtqi9y.jpg;ru6x7l.jpg;ru0qw6.jpg;rrs8ma.jpg;rs4myn.jpg;rtsufn.jpg;rm3r80.jpg;rtujx3.jpg;rtzvdx.jpg;rs0gb1.jpg;ru6so0.jpg;rtb6rx.jpg;rtqsl1.jpg;rtsuue.jpg;rtb7cx.jpg;rnqy6a.jpg;rrv6rr.jpg;rqzyh1.jpg;rrjexl.jpg;rrvddr.jpg;rtqk97.jpg;rqryh4.jpg;rokud0.jpg;rrqsje.jpg;rlwt3c.jpg;rtzyt8.jpg;rrf2o1.jpg;rt3p67.jpg;rr8ne5.jpg;ru4ptj.jpg;rob1mw.jpg;ru2wys.jpg;rrocox.jpg;ru1mk7.jpg;rtnqoq.jpg;rttp0t.jpg;rru9s2.jpg;rlz5hr.jpg;rmhxgf.jpg;rtt5f3.jpg;rkc2yp.jpg;rop4wy.jpg;rqhu8g.jpg;rjnloy.jpg;rty7ul.jpg;rpifaq.jpg;rtq0ej.jpg;ru45s4.jpg;ru2hvk.jpg;rsjqcx.jpg;rttlbn.jpg;rtrd7g.jpg;rtcpsq.jpg;rmh8mt.jpg;rne8oa.jpg;rttq23.jpg;rovhya.jpg;rtt7v3.jpg;rpn7ln.jpg;rtqwku.jpg;ru9hu6.jpg;rtw1ep.jpg;ru6r88.jpg;ru62m4.jpg;rraxjr.jpg;rtib77.jpg;ru4cgl.jpg;rta19v.jpg;rnnzmo.jpg;ru1brd.jpg;ru4515.jpg
15,75,170,rtvdbg.jpg;rq444n.jpg;rtwaj5.jpg;rmicgz.jpg;rt9ask.jpg;ru57nd.jpg;rrx6m2.jpg;rtdzbr.jpg;rtkstd.jpg;ru3lnr.jpg;ru2i42.jpg;ru5i8z.jpg;rtyifd.jpg;rsv5ju.jpg;rtkz91.jpg;rrqdg0.jpg;roaxz9.jpg;rtovoi.jpg;rkvx57.jpg;rtpo1r.jpg;rm5eht.jpg;rqyeay.jpg;rtq8u7.jpg;rtpdaw.jpg;rtlpbp.jpg;rtvc4d.jpg;rqmesq.jpg;rt3dd0.jpg;rsupt9.jpg;rrejgm.jpg;ru1t5d.jpg;ru8dlp.jpg;ru6w2v.jpg;rrtcrc.jpg;ru6nzt.jpg;rrh75s.jpg;rt9ckw.jpg;rto4n5.jpg;rqs54d.jpg;rtvp7o.jpg;rtrlyq.jpg;rpc7sc.jpg;rk91k3.jpg;ru9h3g.jpg;rk2iot.jpg;ru6p2j.jpg;rte5yd.jpg;rtiyfr.jpg;rlv1p9.jpg;rslzv6.jpg;rqpxlu.jpg;rtlzx3.jpg;rqs6or.jpg;rtl3l8.jpg;ru919f.jpg;rsbn0c.jpg;rsa3u9.jpg;rts64f.jpg;rtznn2.jpg;rqqkkg.jpg;rsx9cx.jpg;rtrwbx.jpg;rrgiv1.jpg;rtwwtf.jpg;rtunr4.jpg;rtv5zf.jpg;rtmync.jpg;rtp0fl.jpg;rtrvuw.jpg;rtr0ct.jpg;ru3lsd.jpg;rtpdow.jpg;rtz5ix.jpg;rtvczq.jpg;rtrv8t.jpg;rspeqi.jpg;rtsae3.jpg;rty8ha.jpg;rtx0rq.jpg;rrgego.jpg;rtv7uq.jpg;rtz5cd.jpg;rtv6bn.jpg;rto2b3.jpg;rs3uf9.jpg;ru2cb8.jpg;ru6wlf.jpg;ru223s.jpg;rrraxr.jpg;rqnyn1.jpg;rtbszb.jpg;ru1zmq.jpg;rtv7om.jpg;rtm39y.jpg;rtl6el.jpg;rtp0rn.jpg;ru3q9h.jpg;ru77dv.jpg;rtwvit.jpg;rrx67s.jpg;rtzj6k.jpg;rtkvhx.jpg;rtxmnp.jpg;rsmp7r.jpg;rqr5o7.jpg;rrgbgc.jpg;rpi7eg.jpg;rm4cka.jpg;ru4opc.jpg;rtx21h.jpg;rrggo8.jpg;rte1vi.jpg;rnxmpu.jpg;rtw0fi.jpg;rr5gxx.jpg;rsuyhr.jpg;rs8d2t.jpg;rrdut1.jpg;rtofye.jpg;rrold4.jpg;rrp2nk.jpg;rrk6dj.jpg;rs3szx.jpg;rrl5br.jpg;rtkruc.jpg;ru4i5x.jpg;rtswrs.jpg;rtuo97.jpg;rtrtkv.jpg;ru18rs.jpg;rt73ey.jpg;ru29x4.jpg;ru22cd.jpg;rtv84s.jpg;ru7kkq.jpg;ru1bqj.jpg;ru14e7.jpg;rsx85y.jpg;rt26lm.jpg;rnl6w3.jpg;rqpjg7.jpg;rqr2ba.jpg;rrh8sf.jpg;rsn37b.jpg;rtbhi3.jpg;rtz541.jpg;rsx9ob.jpg;ru7rct.jpg;rsn34l.jpg;ru488i.jpg;rtmy8z.jpg;rsnz6t.jpg;ro1vnk.jpg;rtn44e.jpg;rtvgrf.jpg;ru8ry6.jpg;rsghn6.jpg;rtjj5j.jpg;rorgnp.jpg;rti4u2.jpg;ru0dck.jpg;rrt17o.jpg;ru7e2e.jpg;rs4x1q.jpg;rtve54.jpg;rtrpu4.jpg;rsipj0.jpg;rtkikz.jpg;rtei8y.jpg;rpb1pc.jpg
16,80,189,ru6quk.jpg;rsor9c.jpg;ru4rmh.jpg;ru00nu.jpg;rtvsg5.jpg;rtzfa6.jpg;ru82f7.jpg;rtit82.jpg;rtixip.jpg;rnwuyc.jpg;rtry3q.jpg;rttjil.jpg;rtzsoa.jpg;ru1pyj.jpg;rotn7t.jpg;rtkuf2.jpg;ru8s7a.jpg;rlllln.jpg;ru74f4.jpg;rtv1bp.jpg;ru6qah.jpg;rt2yx8.jpg;rtvuwm.jpg;rte7yo.jpg;rtz03s.jpg;rt7de0.jpg;rtohh3.jpg;rtmy0m.jpg;rrfs1d.jpg;rqbrax.jpg;rtqmxp.jpg;ru3mse.jpg;rtsw6l.jpg;rt7k9j.jpg;ru7eoe.jpg;rqephi.jpg;rsxjr5.jpg;rstsdo.jpg;rtbb22.jpg;ro556f.jpg;ru4jls.jpg;rth2dg.jpg;rto2ox.jpg;rtvais.jpg;rrrxo5.jpg;rrq21n.jpg;rqu8cm.jpg;rrzmv3.jpg;rtp059.jpg;rrrxgv.jpg;rtedgf.jpg;rq8hem.jpg;rtz0qn.jpg;rr81r8.jpg;rtu821.jpg;rtvov7.jpg;ru3a17.jpg;rro5l5.jpg;rtrehx.jpg;ru511b.jpg;ro3pwu.jpg;rrqswu.jpg;rqhgj0.jpg;ru2fig.jpg;ru17dn.jpg;rts8di.jpg;ru1ry5.jpg;rtzs0r.jpg;rtlorv.jpg;ru1x6g.jpg;rtv22y.jpg;rtchmw.jpg;rrhmse.jpg;rsxxjd.jpg;rs32hk.jpg;rqv2jf.jpg;ru4w7q.jpg;rrfkak.jpg;rrq4kb.jpg;rsd3dy.jpg;rn323n.jpg;rsxoeu.jpg;ru6qvx.jpg;rs87o5.jpg;rskr4u.jpg;rrqlga.jpg;ru4k8b.jpg;rttm0a.jpg;rsq8e5.jpg;ru4r1o.jpg;rtld6a.jpg;rty6s3.jpg;ru4len.jpg;rtboyp.jpg;rt6ji3.jpg;rr2r31.jpg;ru1qdk.jpg;rtmxe4.jpg;rochtk.jpg;rtz62a.jpg;ru1w59.jpg;rrph1i.jpg;rs552k.jpg;ru1pn5.jpg;rpwadg.jpg;rtk8ak.jpg;rsfvvm.jpg;rtnnw0.jpg;rsgxkk.jpg;rrggp5.jpg;rto126.jpg;ru7dm6.jpg;rt1p8a.jpg;rjslge.jpg;rtebse.jpg;rifsgm.jpg;ru2gdq.jpg;rnhiqj.jpg;ru0h38.jpg;ru2ifh.jpg;rr1ya4.jpg;rtmbam.jpg;ru2fkx.jpg;rr7r4h.jpg;rqjsvh.jpg;rr0hup.jpg;rslpof.jpg;rrp5sd.jpg;ru2hzo.jpg;rtrdos.jpg;rtrh2m.jpg;rtvnda.jpg;rs4uxa.jpg;rjv0z8.jpg;ru8oik.jpg;rjsjyt.jpg;rrmk3x.jpg;rp2tw4.jpg;rrpiyo.jpg;ru5nc1.jpg;rttsdr.jpg;rtqdgp.jpg;ru7wzi.jpg;rtxwkd.jpg;rr8k79.jpg;rt6b12.jpg;rszg7r.jpg;rtaix1.jpg;rtrerl.jpg;rr210i.jpg;rrnuov.jpg;rrbk2t.jpg;rrhm39.jpg;rtfk2x.jpg;rrl8nd.jpg;rr7eus.jpg;rkksyn.jpg;ru1wfh.jpg;rtk7uq.jpg;ru3g21.jpg;ru3mko.jpg;rs6h1w.jpg;rs5ppm.jpg;rsh94u.jpg;rtxob0.jpg;rt7x0s.jpg;rqgyz7.jpg;rtrby8.jpg;rttra3.jpg;rtfexm.jpg;rqr0ed.jpg;ru4pfw.jpg;rs20y3.jpg;rtp248.jpg;rq94n8.jpg;rtw5gv.jpg;rkkk2d.jpg;rsd0ma.jpg;rrexzy.jpg;ru6r61.jpg;rtu45y.jpg;rtv69u.jpg;rtjlbv.jpg;rq9w3g.jpg;rpfxhs.jpg;rr6owh.jpg;rtxqti.jpg;rtx9cs.jpg;rqez25.jpg
17,85,216,ru0twz.jpg;rtelzx.jpg;rtm7t0.jpg;rj7b8m.jpg;ru80gs.jpg;rrv7n0.jpg;rsict3.jpg;rqzwtx.jpg;ru8ey7.jpg;rteu2v.jpg;rtzp24.jpg;ru6h16.jpg;rruxoq.jpg;ru2rml.jpg;rtzbc1.jpg;rtag8q.jpg;rin89x.jpg;rtpa3r.jpg;rny968.jpg;ru8iiz.jpg;rtrbqv.jpg;rs3kig.jpg;rttpco.jpg;rpydbs.jpg;rtmshf.jpg;ru1guv.jpg;rl284d.jpg;rtyusk.jpg;rtr977.jpg;rtqvmy.jpg;ru8hs9.jpg;rtklbf.jpg;ru3fcg.jpg;rtxgkf.jpg;rs8lc6.jpg;ru0g5x.jpg;ru1m8e.jpg;ru2bda.jpg;rmgid5.jpg;rswafq.jpg;rtvvp0.jpg;rrttwk.jpg;ru2jh4.jpg;rnj7f4.jpg;rtz8i6.jpg;ru6coi.jpg;ru1j59.jpg;rt24s4.jpg;rtcugh.jpg;ru70da.jpg;rtbbkp.jpg;rtxxiw.jpg;rtku0y.jpg;rtt4l5.jpg;ru784l.jpg;rmdycj.jpg;rtyy3t.jpg;rqemxh.jpg;rp92y6.jpg;rsqonw.jpg;rtrubv.jpg;rtqvak.jpg;ru4ocq.jpg;rtojag.jpg;rjdzsi.jpg;rk7urd.jpg;rscvev.jpg;rrvnsa.jpg;rtibo4.jpg;rslqw8.jpg;rtozrb.jpg;rn1ehf.jpg;ru29p4.jpg;rq2lyf.jpg;rtkrhh.jpg;rtdan7.jpg;rtf6d1.jpg;rthcbe.jpg;rtrvq8.jpg;rtz74m.jpg;rttdc9.jpg;ru8aql.jpg;rtmnjr.jpg;rtzsqy.jpg;ru33p9.jpg;ru3x87.jpg;rq6esb.jpg;ru160y.jpg;rk525e.jpg;rrg2cn.jpg;rtoxwi.jpg;rr7wfm.jpg;rsfqb0.jpg;rtfipp.jpg;rmikwt.jpg;ru4rqz.jpg;rohilu.jpg;rtn6ah.jpg;rorg3f.jpg;rrmhsd.jpg;ropj32.jpg;rrmhan.jpg;rt97xv.jpg;rtjibd.jpg;rlrepn.jpg;rtga6w.jpg;rk037o.jpg;ru7og0.jpg;rt3p23.jpg;rrj9w1.jpg;rtw1yv.jpg;rso3wa.jpg;rsj0ie.jpg;rtylhb.jpg;rrdlxy.jpg;rth6vt.jpg;rjs12p.jpg;rqx1s7.jpg;roqlkm.jpg;rr8z4j.jpg;ru2bll.jpg;rr5rzg.jpg;rquhbc.jpg;rtt86j.jpg;rtzc0k.jpg;rmslg7.jpg;ru47gi.jpg;rnn4vu.jpg;rqrxip.jpg;rtveej.jpg;rn7j68.jpg;rtraut.jpg;rtu37d.jpg;rtlsn8.jpg;rs4hwy.jpg;rtoq87.jpg;rspjj3.jpg;rteww0.jpg;rqp8cv.jpg;rrp2gm.jpg;rrlz0q.jpg;rrykk0.jpg;rs88kg.jpg;rtu3e8.jpg;rttow8.jpg;ru1hgy.jpg;rtvtjb.jpg;rpztyx.jpg;ru1oq6.jpg;rqtic2.jpg;rsv8v0.jpg;rrkczm.jpg;rtu5z0.jpg;rtvr77.jpg;ru4nwk.jpg;ru8i53.jpg;rqebkm.jpg;rsibqq.jpg;rton04.jpg;rtz7ct.jpg;rtm9dh.jpg;rtcalk.jpg;rqx10c.jpg;rs5enx.jpg;rtbof0.jpg;rtcki0.jpg;ru6fpa.jpg;rp9r4u.jpg;rr5a0o.jpg;rsx2rm.jpg;ru5zjg.jpg;ru8di8.jpg;rtkaje.jpg;rtz175.jpg;rrx8w2.jpg;rshxp2.jpg;rtw4i0.jpg;ru2q05.jpg;rov1ng.jpg;rskb0e.jpg;rtkkrc.jpg;rtusdu.jpg;rpmrgp.jpg;ru7ucz.jpg;roqhng.jpg;rjb8am.jpg;rsxpjl.jpg;rqvfiu.jpg;rt9dub.jpg;rocze8.jpg;ru8glh.jpg;rrr5ua.jpg;rrjeu1.jpg;rql6ji.jpg;rn5qq7.jpg;rq2mqw.jpg;rtxfm7.jpg;ru1k0c.jpg;rqt921.jpg;rr4gar.jpg;ru7hy0.jpg;rr1wij.jpg;ru584v.jpg;rsukxl.jpg;rmnx7j.jpg;rtqgsu.jpg;ru43un.jpg;ru3a8j.jpg;rtolad.jpg;rm0hod.jpg;roi6cj.jpg;rtkfr3.jpg;ru947a.jpg;rreup4.jpg;ru1jkz.jpg;rtblwc.jpg
18,90,254,rtuwvf.jpg;ru35ux.jpg;rtnod4.jpg;rrlg0l.jpg;ru8cdo.jpg;ru2rl6.jpg;rr6r5l.jpg;rs88k6.jpg;rsdmwf.jpg;rthlhj.jpg;rtu57c.jpg;rsddsx.jpg;rt81mi.jpg;ru7k7w.jpg;rtw97q.jpg;rrhugm.jpg;rtp3zt.jpg;roh9sc.jpg;rrnibx.jpg;rto7g1.jpg;roszvf.jpg;rltqa1.jpg;rs24bf.jpg;rqx07e.jpg;rtsruf.jpg;rooko7.jpg;ru74r5.jpg;rpdbt0.jpg;ru23n0.jpg;rlnnn3.jpg;rrxa60.jpg;rqsufu.jpg;rttce3.jpg;rqvarf.jpg;rsruuu.jpg;ru1gfz.jpg;ru372z.jpg;ru6hc1.jpg;rmdvhj.jpg;ru75ng.jpg;rtga6i.jpg;rsiihg.jpg;ru3w7u.jpg;rts4k2.jpg;rtwz9o.jpg;rpi7bz.jpg;rqsmrd.jpg;rsv94d.jpg;roe1f6.jpg;ru5yiv.jpg;ru6d48.jpg;ru0fbd.jpg;rtw9uk.jpg;ru7xu1.jpg;rne05m.jpg;ru5679.jpg;rtse63.jpg;ru2kir.jpg;ro6wjv.jpg;rtrb2d.jpg;rmyexy.jpg;rroh8e.jpg;rtzu0s.jpg;rp571e.jpg;rsunw6.jpg;ru18o4.jpg;rtrp72.jpg;rlz94q.jpg;rs0jl5.jpg;rttw1g.jpg;rsnkh4.jpg;rscya2.jpg;rqxqva.jpg;rnfv0f.jpg;rr6or0.jpg;rtb44j.jpg;rsb3i1.jpg;rsguwo.jpg;rswaj6.jpg;ru4v82.jpg;rtiptg.jpg;rtwpef.jpg;rqoso4.jpg;rsfmec.jpg;rtsrdv.jpg;rtwy2k.jpg;rrdm2n.jpg;rn60w7.jpg;rtp0u1.jpg;ru758b.jpg;rjecdx.jpg;rtylib.jpg;ru2aw0.jpg;ru6yq9.jpg;ru7sfp.jpg;rtute3.jpg;ru78p5.jpg;rtv5mg.jpg;rtuqr9.jpg;rtbuu7.jpg;rs2ypf.jpg;rti2nb.jpg;ru38px.jpg;rtss5n.jpg;rtk067.jpg;rthsr0.jpg;rj24jz.jpg;rtzovt.jpg;rtiwbx.jpg;rlkfe0.jpg;rsdp2p.jpg;rp7b6g.jpg;rqsg2j.jpg;rp08ki.jpg;ru8rjg.jpg;rtuvkr.jpg;rrubkl.jpg;rqp5qj.jpg;rtqcle.jpg;rtzo05.jpg;rsh45w.jpg;rtps6x.jpg;rtb3nn.jpg;rov4t0.jpg;rt2x1g.jpg;rtkxqu.jpg;rtvmyk.jpg;rtnz9z.jpg;rseskb.jpg;rsv0nn.jpg;rts9uk.jpg;rskaq3.jpg;rsk3hl.jpg;rtwyoo.jpg;ru1hwm.jpg;ru2jpg.jpg;rmzjag.jpg;rtsqkh.jpg;rrofj9.jpg;rted0n.jpg;rtup7u.jpg;rttjox.jpg;ru167y.jpg;rs2tyx.jpg;rtbzrs.jpg;rmht8a.jpg;ro1xi2.jpg;rodyqt.jpg;rttzxd.jpg;rtr8h0.jpg;rtph21.jpg;rsnzdg.jpg;rrc8xx.jpg;rrme3o.jpg;rmtxi6.jpg;ru4t54.jpg;ru4gvn.jpg;rthk71.jpg;ru3wk3.jpg;rrvdsj.jpg;rsps9v.jpg;ru78om.jpg;rsvazs.jpg;ru112k.jpg;rtdwb1.jpg;rqpefx.jpg;rt1bfb.jpg;rr4vr1.jpg;rloqyg.jpg;rkg031.jpg;rtol5b.jpg;rpk1n6.jpg;rtjw2y.jpg;rjbiuq.jpg;ru1sss.jpg;ru2ror.jpg;ru6a2m.jpg;rsgvar.jpg;rs57ff.jpg;rtw562.jpg;rqsxr4.jpg;ro0aef.jpg;rtov1q.jpg;rr1nxj.jpg;rrwdvi.jpg;ru8564.jpg;rmpv73.jpg;rtnzm8.jpg;rqlvst.jpg;rqt3iy.jpg;rsb40o.jpg;rq35y3.jpg;rtuumt.jpg;ru74fm.jpg;rtfumz.jpg;rq24b5.jpg;rtxwyk.jpg;rqucj2.jpg;rpkx0u.jpg;rpuqvd.jpg;rrvefl.jpg;rtw1gf.jpg;ru0myc.jpg;rtkua3.jpg;ronkrw.jpg;rtxnnp.jpg;rs9e8a.jpg;rtvc59.jpg;rthbkx.jpg;rtlwda.jpg;rsnd1n.jpg;ru6d8h.jpg;rs88w0.jpg;rteukg.jpg;rtzpfz.jpg;ru8x1c.jpg;rtwxpn.jpg;ru685m.jpg;ru81fv.jpg;rtgidl.jpg;rsvrke.jpg;rrjzwu.jpg;rt9r0y.jpg;rrv4h1.jpg;rtamwd.jpg;rtkzce.jpg;rttkpc.jpg;ru4gpl.jpg;rtalfe.jpg;rtdd9z.jpg;rtwxwe.jpg;rthit8.jpg;rrs3ml.jpg;rqgfnl.jpg;rlsddt.jpg;rtmtv8.jpg;rtl7ip.jpg;rs7lzh.jpg;rsczjb.jpg;rsft5c.jpg;rtlcg5.jpg;rpgmtm.jpg;rtlbp0.jpg;ro1bn1.jpg;rrf29f.jpg;rrrmp9.jpg;rtezdf.jpg;rnaa9h.jpg;rtcj1h.jpg;rpjz9j.jpg;rtd7wz.jpg;rtqq9i.jpg;rtxnxr.jpg;rtlzxz.jpg
19,95,310,rtnv8g.jpg;rt1wrw.jpg;rmgthw.jpg;rttjfd.jpg;rrbou3.jpg;rqlzgo.jpg;rtdl5m.jpg;rtxuqu.jpg;rtx13q.jpg;rkw7hq.jpg;rshu77.jpg;ru7i5k.jpg;rrmpv8.jpg;ru6tlv.jpg;rrmcsh.jpg;rj8xag.jpg;rtrqsu.jpg;roogt7.jpg;rtc7zp.jpg;rtsuai.jpg;rjvugv.jpg;rtulsu.jpg;rt863p.jpg;ru5zpw.jpg;rslkzs.jpg;rqe7d4.jpg;ru3ff1.jpg;rsmdc2.jpg;rt8bq7.jpg;rtgi51.jpg;rs35w9.jpg;ru1g1y.jpg;rtv9dt.jpg;rtq36i.jpg;ru9eag.jpg;rtstvl.jpg;rswaav.jpg;rtzham.jpg;rtiqr3.jpg;rlp8mn.jpg;rtun0s.jpg;rtgysm.jpg;rso59z.jpg;rs25yj.jpg;rt2jwo.jpg;rr5vnj.jpg;rtz94d.jpg;rtwwfy.jpg;rsur9b.jpg;rp7fqg.jpg;rs0203.jpg;ru85gt.jpg;rt9t9k.jpg;rnaip2.jpg;rstlr8.jpg;ru4454.jpg;rs30tf.jpg;rowqs6.jpg;rnzm3h.jpg;rp8rnv.jpg;rt209l.jpg;rrubkr.jpg;rttt2c.jpg;ru3tl7.jpg;rtrrcr.jpg;rplvqs.jpg;rphzbl.jpg;rtxhne.jpg;rnvge8.jpg;ru2ohu.jpg;ru4fyk.jpg;rsko7g.jpg;ru17kj.jpg;rsekld.jpg;rlwwo1.jpg;rrm6m2.jpg;rtoxa6.jpg;rs5c6f.jpg;rsj65s.jpg;rtwxng.jpg;rsh7pe.jpg;ru43zz.jpg;rtqsku.jpg;ru2ozm.jpg;rrw4rh.jpg;rqmbil.jpg;ru9e3j.jpg;rtk775.jpg;ru8n6j.jpg;ru7alj.jpg;rragqu.jpg;rqhbn2.jpg;rsiv87.jpg;rtsa26.jpg;rnjjxt.jpg;rsxjh8.jpg;rtnxgu.jpg;rm6qtb.jpg;rtq4pw.jpg;ru038v.jpg;rtvlhz.jpg;rrypka.jpg;rtdy16.jpg;ru8gs2.jpg;rn3cfs.jpg;rr5kgf.jpg;rs0lph.jpg;ru3730.jpg;rmfyke.jpg;ru8b6w.jpg;rtuhpx.jpg;rtasor.jpg;ru3w6o.jpg;rtp5y8.jpg;rtnpgb.jpg;rt3w6a.jpg;rtkn5i.jpg;rtkmbb.jpg;ru8sf6.jpg;ru7nnq.jpg;rq8shu.jpg;rtjeuk.jpg;ru8kwc.jpg;rtyo8k.jpg;rr42s7.jpg;rqz26q.jpg;ru44de.jpg;rtkm3i.jpg;rs384t.jpg;rtqt3a.jpg;ru3hle.jpg;rtyyyq.jpg;ru1981.jpg;rss93q.jpg;rrp18k.jpg;ru2plg.jpg;rsstk6.jpg;rta6xc.jpg;ru0lwf.jpg;rrye9s.jpg;rtssm8.jpg;rr8s9q.jpg;rr8z7z.jpg;rtzqoq.jpg;rtoecd.jpg;rtuo7b.jpg;rt9qed.jpg;rtqqk2.jpg;ru6hxm.jpg;rrsywk.jpg;rrz1tf.jpg;rtzr86.jpg;rsjuqi.jpg;rrdjfi.jpg;rtsxvj.jpg;rsn5wz.jpg;rrj763.jpg;ru2whm.jpg;rtuodk.jpg;ru4kyh.jpg;rsvu1x.jpg;rtw7d0.jpg;rtxe4x.jpg;rjdj3e.jpg;rs50ap.jpg;rtqewk.jpg;ru757p.jpg;rtn43i.jpg;rsj8m8.jpg;rtwl9k.jpg;rstqsr.jpg;rrlez1.jpg;ru36hg.jpg;rm83ig.jpg;rmwbys.jpg;rt1rkr.jpg;rtkyk2.jpg;ru251e.jpg;rpxz2w.jpg;rsigu8.jpg;rtzfut.jpg;rtxuiw.jpg;ru83bo.jpg;rp9me4.jpg;rtjmmm.jpg;rrdl51.jpg;rtvxhj.jpg;ru1bg1.jpg;ru4tlr.jpg;rtmgi4.jpg;rsa6uq.jpg;rte1wp.jpg;rr9shf.jpg;rtzi94.jpg;rtrraf.jpg;ru44h3.jpg;rqkk3h.jpg;rsbh8w.jpg;rtt008.jpg;rlcdik.jpg;rrjwuf.jpg;rtlstk.jpg;rtsmwr.jpg;rttptc.jpg;rtw7y7.jpg;rtxob1.jpg;rp8h3f.jpg;ru8kab.jpg;ru7mm8.jpg;rtiydm.jpg;rth8ix.jpg;rtj0mb.jpg;rrxoec.jpg;rme10g.jpg;rttgr9.jpg;rqe07q.jpg;rsfi4y.jpg;rtfm0k.jpg;ru64g3.jpg;rrw2r2.jpg;rtv6zr.jpg;ru2ym9.jpg;rrdii5.jpg;rtlncq.jpg;ru28v4.jpg;rrxe8s.jpg;rtecey.jpg;rtt5zn.jpg;rs7buz.jpg;rtxvat.jpg;rqjxgb.jpg;rto1bl.jpg;rtk69a.jpg;ru8tbk.jpg;rsffwj.jpg;rmsidj.jpg;rsakt2.jpg;rtl3dl.jpg;rrftx3.jpg;rtqrix.jpg;rtbuse.jpg;rtt1az.jpg;rlo2ao.jpg;rpkj91.jpg;ru7z93.jpg;rrfyq1.jpg;rtqla5.jpg;ru3tv4.jpg;rtmiln.jpg;rp59ai.jpg;rtuycn.jpg;rtixib.jpg;ru7d8o.jpg;rr2l86.jpg;rtzcgf.jpg;rpx8rk.jpg;ru6dts.jpg;rkby1d.jpg;rqz1fh.jpg;rt7izd.jpg;rtuqew.jpg;rrxo5w.jpg;ru63df.jpg;rtakpr.jpg;rtzrl5.jpg;rq3e9a.jpg;ru9as0.jpg;rtptcx.jpg;ru4bqw.jpg;rsdcs6.jpg;ru6chg.jpg;ru7zow.jpg;rtw8hw.jpg;roalsf.jpg;rttdpf.jpg;rl2coe.jpg;rtzyl1.jpg;rtu95f.jpg;rt532s.jpg;rlgewj.jpg;rnjt46.jpg;ru1214.jpg;rtzdbt.jpg;ru129p.jpg;rtaprr.jpg;rtwi5g.jpg;rocfvq.jpg;ru3u9m.jpg;rtf3u2.jpg;rrq9gy.jpg;rraa5o.jpg;rmh629.jpg;rqj6g4.jpg;rtwx0i.jpg;rk91ip.jpg;rtz2h5.jpg;rtyymx.jpg;rsia25.jpg;rtyyeo.jpg;ru17lc.jpg;rth812.jpg;ru6ifv.jpg;rn5ckj.jpg;rro29o.jpg;rtupp3.jpg;rtzmzs.jpg;rtw7lh.jpg;rolf3x.jpg;rtkn1z.jpg;rtmcni.jpg
20,100,356,rtmts5.jpg;rtkd3c.jpg;ru0nvh.jpg;rts01e.jpg;rquhbd.jpg;rthe36.jpg;rtapku.jpg;rmb9pl.jpg;rtxkla.jpg;ru8a39.jpg;rtqesw.jpg;rtvn68.jpg;rjc6ib.jpg;ru5neh.jpg;rj4wxb.jpg;ronqoa.jpg;rstm5o.jpg;rtrci8.jpg;rtw9um.jpg;ru6b36.jpg;rp7wrx.jpg;rtjkq5.jpg;rtoscc.jpg;rtvm9f.jpg;rjha4r.jpg;rt5w2e.jpg;rtjdib.jpg;ru63nz.jpg;rr6f31.jpg;rtwdcp.jpg;rsni1x.jpg;rr2csz.jpg;ru8gjn.jpg;rt59bb.jpg;rtyyqh.jpg;roq9rq.jpg;ru8djp.jpg;rr6l5l.jpg;rrzfgs.jpg;rsdv8y.jpg;ru6dol.jpg;ru4cdg.jpg;ru0a89.jpg;rtxprq.jpg;ru7tit.jpg;rsy697.jpg;rttbr5.jpg;rsayx3.jpg;ru8816.jpg;rtawc7.jpg;rs67wa.jpg;rtvts9.jpg;rsddeo.jpg;rp9tx5.jpg;ru12cn.jpg;rkonn0.jpg;rshf1s.jpg;rtotpk.jpg;rs03zj.jpg;ru2q7l.jpg;rqafcf.jpg;rttnlu.jpg;rqzfwm.jpg;rtvlh5.jpg;rr3ca1.jpg;rtpigx.jpg;rrhj53.jpg;rtxlja.jpg;rrnd2k.jpg;rtykvl.jpg;rts3op.jpg;rqf0ex.jpg;rtdfqf.jpg;ru56uq.jpg;rtkd7x.jpg;ropgl4.jpg;rrzgh2.jpg;rtu94f.jpg;rtxpvw.jpg;ru0a0d.jpg;rtmyzc.jpg;rtt340.jpg;rt0fyd.jpg;rqmzf7.jpg;ru1fro.jpg;rr84ef.jpg;rtt7vn.jpg;rtt2rf.jpg;rpvs7n.jpg;rtkclp.jpg;ru0gn1.jpg;rpkxx9.jpg;rouxwm.jpg;rt8fse.jpg;rtljzj.jpg;rtuyrt.jpg;rttap6.jpg;rtzzct.jpg;rtxeno.jpg;rtkjsa.jpg;rr91cn.jpg;rooqzr.jpg;rtbgzm.jpg;ru4uav.jpg;rsod5y.jpg;rk7vl4.jpg;ru15cg.jpg;ru8atp.jpg;rt9dv1.jpg;rtw4xc.jpg;rsslas.jpg;rrs3lm.jpg;ru7yof.jpg;rtwazl.jpg;rs317j.jpg;rtasnv.jpg;ru60es.jpg;ru8kpd.jpg;rsswfc.jpg;rltrkq.jpg;rtx0e7.jpg;rsco5m.jpg;rqvx5m.jpg;rstu3s.jpg;rsja5e.jpg;rrokhy.jpg;rqy6id.jpg;rtyzcp.jpg;rtv0qs.jpg;roskbx.jpg;royqlu.jpg;ru1xih.jpg;ru1q5m.jpg;ru9c8o.jpg;rtnd2s.jpg;rtmm7n.jpg;rtidv4.jpg;rqxo53.jpg;rrx3bg.jpg;rloqw1.jpg;rs0hdi.jpg;rtp2b2.jpg;rtvquy.jpg;rtke9q.jpg;rtu2ez.jpg;rtoclm.jpg;rn3232.jpg;rr9gzz.jpg;rlilaz.jpg;rt7qyw.jpg;ru9euj.jpg;rtketq.jpg;ru0bu1.jpg;rrlm13.jpg;rtw3e2.jpg;rtbk4n.jpg;rtncy1.jpg;rtv6de.jpg;rtyrxd.jpg;ru57dt.jpg;rtwnqu.jpg;rtxcji.jpg;rpfjuy.jpg;rtx1za.jpg;ross01.jpg;rryet3.jpg;rteqhy.jpg;rshgwv.jpg;rtmx6p.jpg;rtza3d.jpg;rsxzpx.jpg;rnid0b.jpg;rsbiih.jpg;rt9awo.jpg;ru0c2a.jpg;ru87jo.jpg;rtvj7m.jpg;rt878o.jpg;rsfixu.jpg;ru8t00.jpg;rs8ox3.jpg;rlxcjy.jpg;rrh1xt.jpg;rsmcht.jpg;rr6tqu.jpg;rrfmgo.jpg;rr3dc3.jpg;rrc96w.jpg;rtqttr.jpg;rs8k0y.jpg;rrsbv5.jpg;rjhvli.jpg;rtx9p4.jpg;rqv2vj.jpg;rtxsw4.jpg;rtu2z6.jpg;rtvpxv.jpg;rrye9n.jpg;rtsupv.jpg;ru3m5y.jpg;rsj7be.jpg;rjb9iy.jpg;rs9dij.jpg;rst91s.jpg;royoia.jpg;rtqo30.jpg;rtxck4.jpg;rrm4hj.jpg;rm6opx.jpg;rrh3mf.jpg;rteuzm.jpg;ru09iv.jpg;rttlut.jpg;rtm1u9.jpg;rtjuuv.jpg;rpeagx.jpg;rrwo4o.jpg;ru1n86.jpg;ru1oyf.jpg;rqn5bg.jpg;rrwcws.jpg;rt2xs7.jpg;rtvw0s.jpg;rsaxed.jpg;rrk3r6.jpg;ru4g5x.jpg;rlfnj2.jpg;rt9q5y.jpg;rtg5iz.jpg;rr72pf.jpg;ru4wk3.jpg;rtawu4.jpg;rttbi6.jpg;ru3y07.jpg;ru2qqg.jpg;rpzyd0.jpg;rnf8qm.jpg;rtb0w2.jpg;rtqi92.jpg;rtbb4i.jpg;rtwx7i.jpg;rrwckc.jpg;rtosqv.jpg;rtki63.jpg;rtazso.jpg;rri00o.jpg;rtvyql.jpg;rq8b9p.jpg;rtx2gh.jpg;rktgjy.jpg;rryd84.jpg;rtob8t.jpg;rqxieb.jpg;rtt6db.jpg;rr6xnr.jpg;rrt7aw.jpg;rrcnhn.jpg;rji5i1.jpg;rtvea0.jpg;rtvgzt.jpg;rqhc0a.jpg;rjxm3v.jpg;ru7ejw.jpg;rrhmld.jpg;rtxnj2.jpg;ru3nsq.jpg;ru1f7o.jpg;rrly86.jpg;rrlbk7.jpg;rtrntm.jpg;rqmays.jpg;rtu9ka.jpg;rqk5h1.jpg;ru3b4e.jpg;rtua36.jpg;rswpyf.jpg;ru65sk.jpg;rrn9ri.jpg;rslwfh.jpg;rs8an6.jpg;rtp1gb.jpg;rqvef0.jpg;rtctux.jpg;ru5zav.jpg;rrn71d.jpg;rtmwr4.jpg;rtbl70.jpg;rtwweq.jpg;rtuajj.jpg;rtjx9d.jpg;rtuztl.jpg;rka0zu.jpg;ru579g.jpg;ru1drn.jpg;rtp415.jpg;ru00y2.jpg;ru1rpm.jpg;ru7q8i.jpg;robcgv.jpg;ru2d9n.jpg;rtx7yx.jpg;rr98pr.jpg;rtlt60.jpg;ru8v67.jpg;rt9cgs.jpg;rtw3oz.jpg;rtqjh8.jpg;ro7jo6.jpg;rqihm5.jpg;rs2a55.jpg;rtadar.jpg;rtknxn.jpg;rtxcj2.jpg;ru34nd.jpg;ru7afz.jpg;rtrsaf.jpg;ru4of3.jpg;rs43p8.jpg;ru4rr2.jpg;ru7afn.jpg;rokp0u.jpg;rtv7jd.jpg;rtie5f.jpg;rrye22.jpg;rpjuud.jpg;rqzdg9.jpg;roh2mb.jpg;ru1itp.jpg;rr6o4f.jpg;rpnx7p.jpg;rtykrw.jpg;rtn5w4.jpg;rtb5ba.jpg;rtms38.jpg;rtusre.jpg;rieacd.jpg;rtcsts.jpg;rqhnb6.jpg;rs564j.jpg;rmfbye.jpg;ru57r5.jpg;rtr3hn.jpg;ru1fl6.jpg;rqa2px.jpg;rtsfjl.jpg;rmw1q1.jpg;rrgb7m.jpg;rtnoxi.jpg;rmgr8g.jpg;ru9arr.jpg;rpp8yn.jpg;rsdsc7.jpg;rtuctz.jpg;rtfxna.jpg;rpugf4.jpg;rtf0fw.jpg
21,105,366,ru7l20.jpg;ru17xi.jpg;ru37a9.jpg;rt3kiq.jpg;rt6n66.jpg;ru6i72.jpg;ru35hn.jpg;rrik5d.jpg;rp3kbt.jpg;rqz1t8.jpg;rrcsy8.jpg;rtzhae.jpg;rrfsd9.jpg;ru7mrn.jpg;rsqlo9.jpg;ru3iqn.jpg;rtu284.jpg;rtu8fz.jpg;rtzecq.jpg;rrshvk.jpg;ru3iao.jpg;rthfly.jpg;rtqni9.jpg;rqpns4.jpg;rrksr3.jpg;rt91m5.jpg;rtt7y3.jpg;rs6v0w.jpg;rs1ckf.jpg;rqp9to.jpg;rtxozh.jpg;ro7ra8.jpg;ru09m9.jpg;rsjmog.jpg;rshqrv.jpg;rtkydw.jpg;rtl77t.jpg;rsb263.jpg;rtwlnf.jpg;rrpn4p.jpg;rswlmt.jpg;rsiic5.jpg;ru5ef8.jpg;rtxh39.jpg;rs1f4v.jpg;rtka2m.jpg;rt8oyd.jpg;rtl9dl.jpg;rtyvwk.jpg;rtbmnv.jpg;rtydfi.jpg;rsgarc.jpg;rtrjbh.jpg;rt34ga.jpg;rqdqmz.jpg;rrvkrr.jpg;rs25pb.jpg;roxxtp.jpg;rsjnte.jpg;rtyzlq.jpg;rotokj.jpg;ropeg2.jpg;rtlv10.jpg;ru4bv1.jpg;rtfajk.jpg;rsfgmj.jpg;rty14q.jpg;rtobqv.jpg;rqamj8.jpg;rnikju.jpg;rtve3x.jpg;ru144s.jpg;rtwmbd.jpg;rt4bwu.jpg;rqgqba.jpg;rt665o.jpg;rrmqyf.jpg;rtn358.jpg;rsr79z.jpg;rtzyni.jpg;rthxlk.jpg;rskyvu.jpg;rkosp9.jpg;rrblsp.jpg;rt3ik7.jpg;rtwt0u.jpg;ru13tr.jpg;rtt9i6.jpg;rtk80g.jpg;rtjtzw.jpg;rtwn93.jpg;rt44ww.jpg;ru4e7p.jpg;rtrqo2.jpg;rtgn9i.jpg;rsedkh.jpg;rtt64b.jpg;rm1ugj.jpg;ru608h.jpg;rriyfe.jpg;rju5ix.jpg;rtzeu1.jpg;rtniqt.jpg;rsichb.jpg;ru4fqg.jpg;ru6adi.jpg;rik7zo.jpg;ru6vju.jpg;ru53qc.jpg;rswbbm.jpg;ru3irv.jpg;rty45a.jpg;rtww6o.jpg;rqik5k.jpg;ru57s9.jpg;rswbrc.jpg;ru66tu.jpg;rlr9mh.jpg;rrip1p.jpg;rqr0fi.jpg;ru8k76.jpg;rsm4fr.jpg;rttt62.jpg;rpaz7f.jpg;rtuls8.jpg;rrvebo.jpg;rtfxio.jpg;rtafrc.jpg;rthzkb.jpg;rt79aw.jpg;rsfk46.jpg;rnu50i.jpg;rs6c14.jpg;rty2ou.jpg;rn2fii.jpg;rrai5p.jpg;rtv5lk.jpg;rsx671.jpg;rt0gol.jpg;rnzd10.jpg;rra7j9.jpg;rtyhju.jpg;rtvr9j.jpg;rmc0gt.jpg;ru5cyw.jpg;ru3tap.jpg;rtrjsb.jpg;rqz5gz.jpg;ru4srd.jpg;rtjma7.jpg;rr2mqp.jpg;ru600t.jpg;ru5raz.jpg;rqathm.jpg;rphksj.jpg;rto6p9.jpg;rpvxwj.jpg;ru2grl.jpg;ru7414.jpg;rmu7px.jpg;rtpce7.jpg;rrcjs0.jpg;rte0jo.jpg;rtc9oc.jpg;ru5cve.jpg;rspk32.jpg;ru7fqx.jpg;rnkcsa.jpg;rqr183.jpg;rtdwtz.jpg;rtwv7w.jpg;rmtrye.jpg;ru41ae.jpg;rtwnfz.jpg;rrvz8y.jpg;rtp4pq.jpg;rr7rym.jpg;rtewxc.jpg;rtxgf5.jpg;rttu58.jpg;rs97yk.jpg;ru8rs0.jpg;rtuvr5.jpg;rq84ri.jpg;rteswk.jpg;rq5p72.jpg;ru665v.jpg;rrmgae.jpg;rsunxs.jpg;rriyrr.jpg;ru38tn.jpg;rstyjl.jpg;rtwc56.jpg;rqwn9e.jpg;rru9yf.jpg;ropdkt.jpg;ru4azs.jpg;rryxss.jpg;rtocz9.jpg;ru4wns.jpg;rthx4l.jpg;rsoz4n.jpg;rnn0eo.jpg;ru5qu5.jpg;rmygyx.jpg;rmsvlj.jpg;rt25ao.jpg;rq6frg.jpg;rpe5ab.jpg;rnv7hx.jpg;rqwvy5.jpg;ru4d7m.jpg;rnw6bp.jpg;rtlrke.jpg;rsnllj.jpg;ru4dwk.jpg;ru4ajm.jpg;rtxxgi.jpg;rs74lc.jpg;ru36du.jpg;rqszbw.jpg;ru14bz.jpg;rqzdvd.jpg;ru5yjo.jpg;rts6xw.jpg;rtze3n.jpg;rtfy3n.jpg;rnlzik.jpg;rtp5c5.jpg;rr2imz.jpg;rtcjl7.jpg;rsqhn8.jpg;rjqhq7.jpg;ru0gqx.jpg;rtjxu6.jpg;rtta0w.jpg;ru5va1.jpg;rtmxt6.jpg;rtwpxv.jpg;ru1bxb.jpg;ru4el8.jpg;rrt067.jpg;rtw5fe.jpg;rqjb1s.jpg;ru7rcl.jpg;rtbne7.jpg;rtp4nt.jpg;rtt5ha.jpg;rt7mf4.jpg;rl9kic.jpg;ru1kqo.jpg;rtwux5.jpg;rtld2k.jpg;rs6x1h.jpg;rtx89o.jpg;ru5h34.jpg;ru5qrc.jpg;rtyn5q.jpg;rttcts.jpg;rtrbk2.jpg;rsfjed.jpg;rtmwtk.jpg;rssxfv.jpg;rtyaq9.jpg;rsylq4.jpg;rn5tie.jpg;rrf62s.jpg;rtz3qm.jpg;rsfa2s.jpg;rnfrrm.jpg;rr2t9t.jpg;rqluxz.jpg;ru7qnv.jpg;rtincr.jpg;rtn9ep.jpg;rr0g3p.jpg;rttai9.jpg;rqgvy2.jpg;rtpbzn.jpg;rq2jbx.jpg;rtq3bf.jpg;rtqtl4.jpg;rr01hm.jpg;ru30p0.jpg;rtwb4l.jpg;rseeum.jpg;rk1lqb.jpg;rs1qu1.jpg;rrvkhi.jpg;rths78.jpg;ru1u48.jpg;rtd8i5.jpg;rk9jgz.jpg;rnx82n.jpg;rtqu3j.jpg;ru2051.jpg;rtzdjr.jpg;rtr3wj.jpg;rohoy9.jpg;rtl7uw.jpg;ru58oc.jpg;rtwj4p.jpg;ru2mjr.jpg;ru53gz.jpg;rtb0hp.jpg;rsff7g.jpg;rrjb80.jpg;rtuice.jpg;ru8k8l.jpg;rtx14n.jpg;rmempu.jpg;riglo1.jpg;rtzh9q.jpg;rtph13.jpg;rtcdnx.jpg;rrnibj.jpg;rtn7fw.jpg;rskg6p.jpg;rrl23u.jpg;rtbv9d.jpg;rjh2ko.jpg;rtko2j.jpg;rr7sd0.jpg;rthb6i.jpg;rr8qct.jpg;rsfnd0.jpg;ru1p06.jpg;rt97fd.jpg;rtz3aj.jpg;rtz934.jpg;ru01ea.jpg;rmpufo.jpg;rsz2wh.jpg;ru5yla.jpg;rtcwdj.jpg;rtwrcg.jpg;ropym2.jpg;ru3ewv.jpg;rtvsw8.jpg;rttazw.jpg;rtirnn.jpg;rtwo76.jpg;rtcufm.jpg;ru1ky6.jpg;rr8cj7.jpg;ru0yxr.jpg;ru8na7.jpg;rtlzng.jpg;rtl3kd.jpg;rtql15.jpg;rrsj6f.jpg;rtwu84.jpg;rs4sub.jpg;rqskrq.jpg;rtvvj6.jpg;rrqzcv.jpg;rrdc4n.jpg;rtqun4.jpg;rtifa1.jpg;rts3eq.jpg;rsq7se.jpg;rqxqlk.jpg;ru33c5.jpg;ru13wf.jpg;rt8zrf.jpg;ru7evh.jpg
22,110,425,rszoou.jpg;rpbz57.jpg;rttmjh.jpg;rt7kzp.jpg;rmdfa1.jpg;rlgr69.jpg;ru2hqb.jpg;rpl2fy.jpg;rs6knm.jpg;rsoxtq.jpg;rqt8ap.jpg;rss59o.jpg;rr1ozx.jpg;rqc74g.jpg;rmomai.jpg;rqyjs1.jpg;rrg377.jpg;rtxwqb.jpg;rtu5am.jpg;ru7059.jpg;rtygej.jpg;rr7e7i.jpg;ropi93.jpg;ru2zny.jpg;rtw6q7.jpg;rtrb9h.jpg;rsq4un.jpg;ru0ppn.jpg;rqs8t1.jpg;rrrst2.jpg;rrsez7.jpg;ru5kub.jpg;rrxcta.jpg;rm3jq0.jpg;rtb8xw.jpg;rtrr0v.jpg;rqspry.jpg;rtowwd.jpg;rtyw9r.jpg;ru8u9j.jpg;rti5wx.jpg;rnxr1b.jpg;ru5yqm.jpg;rtv2om.jpg;ru8mac.jpg;rtvod4.jpg;ru5ama.jpg;rp0ezo.jpg;ru70pd.jpg;rtqdrk.jpg;ru88ng.jpg;rszk3r.jpg;ru7hff.jpg;rr9kjs.jpg;rrbjeg.jpg;ru00mq.jpg;rrvmmm.jpg;rszsvn.jpg;ro9yp9.jpg;ru5nma.jpg;rst93z.jpg;rtjiis.jpg;rtpzcb.jpg;rtpr8q.jpg;ru2l75.jpg;rsn4qw.jpg;rqls40.jpg;rtwbrp.jpg;rr7etm.jpg;rjz63j.jpg;ru0c6f.jpg;rrr8gc.jpg;robhso.jpg;rte4kz.jpg;rr74wg.jpg;rtty28.jpg;rsbfme.jpg;ru8mla.jpg;rto2vj.jpg;rtmxmp.jpg;rraslm.jpg;rt4q8b.jpg;rtvjni.jpg;rrrsdb.jpg;rq1pdn.jpg;ru5y8d.jpg;ru4wn8.jpg;rtpn3z.jpg;rtybir.jpg;rswokf.jpg;ru3rwe.jpg;rtx4c2.jpg;rs74jz.jpg;rst8q6.jpg;rsncf8.jpg;rrlo3m.jpg;rpwb17.jpg;rng2vx.jpg;rttne4.jpg;rpb7ye.jpg;rqhpn9.jpg;rmoq37.jpg;rrqqtp.jpg;rtt4gb.jpg;rti8nq.jpg;rl0b9o.jpg;rrhxym.jpg;rqkmxf.jpg;rtnd7c.jpg;rm4cx8.jpg;rozt9a.jpg;rtsn2p.jpg;ru972k.jpg;rtu3wd.jpg;rs6l8e.jpg;rttxpy.jpg;rt6en3.jpg;rrqmy7.jpg;rtvpdd.jpg;rtlmvp.jpg;ru5q29.jpg;rtvmot.jpg;ru0t3v.jpg;rqvmmv.jpg;rrm8mp.jpg;rtt0hh.jpg;rtgcua.jpg;rog4py.jpg;ru6wxk.jpg;rti7od.jpg;rrvwat.jpg;ru0q3f.jpg;rtxuel.jpg;rswtmu.jpg;rtzlqj.jpg;rto8c9.jpg;rsul6b.jpg;rs0l17.jpg;rqw3zh.jpg;rqmi41.jpg;ru8np0.jpg;rjb42g.jpg;ru32rl.jpg;rtw45l.jpg;rsbnji.jpg;rtygtg.jpg;rt02yx.jpg;rtanor.jpg;rtydbv.jpg;rtxj43.jpg;rrkvhv.jpg;rtrclf.jpg;rts0sp.jpg;rsfhm5.jpg;rtijxv.jpg;rtiq2y.jpg;rrjc9k.jpg;rr6dnx.jpg;rrgheb.jpg;rovdoi.jpg;rmhyj9.jpg;rs302b.jpg;rtuna9.jpg;rtu2c2.jpg;rpujfo.jpg;rrcyxm.jpg;ru6ksz.jpg;rqtxay.jpg;rnlphk.jpg;rtzcii.jpg;rkf0l4.jpg;rtl1my.jpg;rsh8ao.jpg;rs4fqo.jpg;rp4hrr.jpg;rrty9w.jpg;rtoy6o.jpg;rms2to.jpg;rs7ooh.jpg;rtz7na.jpg;ru05r9.jpg;rts15j.jpg;rrjua4.jpg;ru50a4.jpg;rtuiqf.jpg;roixt9.jpg;rtz58h.jpg;rtwskb.jpg;rtw502.jpg;rtmld7.jpg;rtdpln.jpg;ru2etd.jpg;rshok7.jpg;rrszug.jpg;rs50hq.jpg;rrqr9s.jpg;rr9kfz.jpg;ru14dv.jpg;rtuaq4.jpg;ru8f5l.jpg;rpyotx.jpg;rtzkcm.jpg;rs314r.jpg;rtu6ci.jpg;ru4dnz.jpg;rie740.jpg;rtk1d4.jpg;rqr2dq.jpg;rj8nw3.jpg;ru48rn.jpg;rtzqdz.jpg;rpahrq.jpg;rt2yi0.jpg;rscfz9.jpg;rqursu.jpg;rtj3zn.jpg;ru2bdy.jpg;rthnq1.jpg;rto0z4.jpg;rtk7io.jpg;rt74rq.jpg;rtq8zx.jpg;rql2fl.jpg;ru37sb.jpg;rtai9c.jpg;ru3rhr.jpg;ru890r.jpg;rrslb3.jpg;rmt5zp.jpg;rts07x.jpg;ru31ux.jpg;rtxs9f.jpg;ru962b.jpg;rtcepd.jpg;rt3ebe.jpg;rmvsk0.jpg;rs38iz.jpg;rsib4f.jpg;rtvyxi.jpg;ru08w8.jpg;ru5pst.jpg;rr3e5v.jpg;rqsk9b.jpg;rtsr99.jpg;rrklnx.jpg;rtt3f2.jpg;roqeqa.jpg;rsxjvk.jpg;ru6ab6.jpg;rtypm6.jpg;rlnhp9.jpg;ru2vfh.jpg;rpaq10.jpg;rtl2qm.jpg;rqc88j.jpg;rtk1s5.jpg;ru8tdi.jpg;rtun0y.jpg;rrpj5t.jpg;rtxzp9.jpg;rqsn7z.jpg;rlzcwl.jpg;rtfr1l.jpg;rtz1ba.jpg;rtvcsq.jpg;rqko0b.jpg;rsm9zn.jpg;rtszx4.jpg;ru6otv.jpg;rrfof0.jpg;rrqfv4.jpg;rteq32.jpg;rta6hi.jpg;rtzr7b.jpg;rtak7t.jpg;rtyy2f.jpg;ru65rj.jpg;rtizo9.jpg;rkpzo5.jpg;rtme6c.jpg;rrxx2u.jpg;rtjgb9.jpg;rlig1n.jpg;ru3kyx.jpg;rtuqsh.jpg;rrvmxd.jpg;rtszil.jpg;ru3lfk.jpg;ru2g6l.jpg;ru0u65.jpg;rty7ks.jpg;rn4ia3.jpg;rtwykl.jpg;ru8752.jpg;rtoyj4.jpg;rtrc6u.jpg;ru91oz.jpg;rts7mz.jpg;rtmnoj.jpg;rimiop.jpg;rttoni.jpg;rrpzry.jpg;rtzhos.jpg;ru0l2l.jpg;rrlx52.jpg;rttjtr.jpg;ru34bu.jpg;rqr1fg.jpg;rrb1qg.jpg;rtwmrt.jpg;ru3rp6.jpg;rs2zx2.jpg;rtrffh.jpg;ru09uk.jpg;rsgg2m.jpg;rtp90s.jpg;rt015q.jpg;rti6fd.jpg;rtb069.jpg;rtt3vx.jpg;rtykcq.jpg;rts0pi.jpg;ru4xck.jpg;rrqm0b.jpg;rtxuq6.jpg;rszy2k.jpg;ru654l.jpg;rrsv2h.jpg;rtixrg.jpg;rtxzvt.jpg;ru24iv.jpg;rtpzpb.jpg;rsvivb.jpg;rtvtk7.jpg;rts5zk.jpg;rtrhj2.jpg;rtcvoa.jpg;rtm6s8.jpg;rsnt1m.jpg;ru3f9p.jpg;ru34ja.jpg;rrs65s.jpg;ru9i8m.jpg;rtwi4f.jpg;rtti7i.jpg;rte6jp.jpg;rtrfyk.jpg;rtmqxv.jpg;rr2i46.jpg;rtretc.jpg;ru7o4i.jpg;ru6gzn.jpg;rto2ok.jpg;rtaj8s.jpg;rtuw29.jpg;rtaorz.jpg;rows44.jpg;rkwmkj.jpg;rsrrl6.jpg;ru33fj.jpg;ru70ho.jpg;ru34vl.jpg;ru3uy6.jpg;ru7yoo.jpg;ru0q39.jpg;rs1u82.jpg;rtqqnl.jpg;rtan4i.jpg;rsiaho.jpg;rlze0k.jpg;rtkfim.jpg;ru94bm.jpg;ru53u3.jpg;rt1u8z.jpg;ru1pcg.jpg;ru520h.jpg;riso61.jpg;rsibjt.jpg;rqhzol.jpg;ru6qdl.jpg;rrq44o.jpg;rllr9v.jpg;roqzal.jpg;rrk9lg.jpg;ru6d3o.jpg;rqcp4u.jpg;rty2it.jpg;rrjke4.jpg;rnbyr0.jpg;ru1acj.jpg;ru531e.jpg;ru6mwm.jpg;rt7ppf.jpg;rqh18v.jpg;rtd5fn.jpg;rqyp1c.jpg;rt4tr3.jpg;ru04v6.jpg;rrwakk.jpg;rjoszo.jpg;rtzjvg.jpg;ru5znh.jpg;ru3u4y.jpg;rtzhue.jpg;ru8son.jpg;ru9k45.jpg;ru0ngf.jpg;rod1zq.jpg;rqgpns.jpg;ru1qbi.jpg;rtklch.jpg;ru7lay.jpg;rtxbrr.jpg;ru13n4.jpg;ru2d2t.jpg;ru2dbb.jpg;ru8t2l.jpg;rrtny7.jpg;rtxnna.jpg;rsbk93.jpg;rtebn1.jpg;ru993w.jpg;rod586.jpg;rt0g90.jpg;rtwys9.jpg
23,115,495,rtojz6.jpg;rljazf.jpg;rtr4i6.jpg;rtjss5.jpg;rr59dt.jpg;rt9kg9.jpg;ru7zqg.jpg;rtjq3f.jpg;rn14s1.jpg;rtnxpf.jpg;ru8j96.jpg;rqajin.jpg;ru95cf.jpg;ro4th1.jpg;ru2lmd.jpg;rrs9y2.jpg;rtq85y.jpg;rtr3g2.jpg;rswu7j.jpg;rlzjjk.jpg;ru7rfi.jpg;rt9cem.jpg;ru2txj.jpg;rs494r.jpg;rref4x.jpg;rri049.jpg;ru1cu3.jpg;rt7v7j.jpg;rku4xv.jpg;rsvlgu.jpg;rswouc.jpg;rlptpr.jpg;rsdshp.jpg;rtxuys.jpg;ru8w9d.jpg;rsjdzz.jpg;rty5z4.jpg;rqyvjz.jpg;rrqp4s.jpg;rshtig.jpg;rrr4ln.jpg;rtyf5a.jpg;ru5xyt.jpg;rlwhyn.jpg;rlgmlx.jpg;rtwxaz.jpg;rtrrl6.jpg;rj1lam.jpg;rtvvfq.jpg;rtmqrq.jpg;rpaxck.jpg;rt7x6r.jpg;rs4nwq.jpg;rtx56c.jpg;rt0i5w.jpg;rthfnz.jpg;rjytsv.jpg;ru14v5.jpg;rswwp3.jpg;rqyv6z.jpg;rn64sk.jpg;ru5f82.jpg;rlxb2w.jpg;rr3z98.jpg;rscce4.jpg;ru7svn.jpg;rrar4u.jpg;ru1iku.jpg;ru7yb8.jpg;rly35d.jpg;rqwhdq.jpg;rtxeou.jpg;rtw1gn.jpg;rseva0.jpg;rt9ksd.jpg;rqvxiu.jpg;rn94eg.jpg;ro4aok.jpg;rt8a2b.jpg;ru7s4v.jpg;rqksjw.jpg;rm4vmd.jpg;rs414a.jpg;rrr0zz.jpg;ru8gf9.jpg;rtx93w.jpg;rrosei.jpg;rshpkl.jpg;ru3sww.jpg;rtw38w.jpg;rtp6ho.jpg;rj6ll4.jpg;rswwjl.jpg;rp93v1.jpg;ru29cp.jpg;rtx3o9.jpg;rt2wbh.jpg;rtva6q.jpg;ru5awq.jpg;rskrop.jpg;rtlg9o.jpg;rstjh9.jpg;rtnw3k.jpg;rjov78.jpg;ru5xnm.jpg;rokhpe.jpg;rnbhxd.jpg;ru48tn.jpg;rrntqu.jpg;ru1byi.jpg;rtxaf8.jpg;rtp12l.jpg;rtd3hf.jpg;rtdkua.jpg;ru2w6n.jpg;rt24ou.jpg;rs22g6.jpg;ru41bd.jpg;rrpcuv.jpg;ru3hg0.jpg;rta97u.jpg;ru91gc.jpg;ru60up.jpg;rtjvna.jpg;rrmudx.jpg;ru36cb.jpg;rt56mb.jpg;ru5jr5.jpg;rt8xpq.jpg;rqzkzf.jpg;rs5ey5.jpg;rt3o92.jpg;rrjqv3.jpg;rt88u7.jpg;rtiz3d.jpg;rrs5bb.jpg;rljxp3.jpg;rrmey2.jpg;rsx9qq.jpg;rr9cea.jpg;ru7ksj.jpg;rtpi78.jpg;rtxuhk.jpg;rtb5w5.jpg;rtlrg5.jpg;rqol2q.jpg;rrjolk.jpg;rofos6.jpg;rs4pgl.jpg;rttu3r.jpg;rs6h8b.jpg;rrnshs.jpg;ru8w8y.jpg;rtweru.jpg;rtqazp.jpg;rtx60a.jpg;rr8cg5.jpg;rs1som.jpg;rspn8i.jpg;rtowha.jpg;ru2doy.jpg;rlv9rg.jpg;rtxosw.jpg;rms15v.jpg;rtt5lm.jpg;rtyqd9.jpg;rtwmcg.jpg;rooqgu.jpg;rtzm8q.jpg;rtryrn.jpg;rtxm0u.jpg;rro3q3.jpg;ru882h.jpg;rtewho.jpg;rrd830.jpg;rmyr0b.jpg;rtdf7f.jpg;rtw5pi.jpg;rqunil.jpg;rtu1n7.jpg;ru4q0a.jpg;rrqfpx.jpg;rsmr4q.jpg;rqhvp7.jpg;rr5gs1.jpg;ru29ub.jpg;ru1n3f.jpg;rrcevv.jpg;rqwkhy.jpg;rttyb0.jpg;rr4a2a.jpg;rtu30g.jpg;ru1nl8.jpg;ru2f4w.jpg;ru3jkk.jpg;rtyv5i.jpg;rrlk02.jpg;rtejjd.jpg;rtdblm.jpg;rrxv9w.jpg;ru28eh.jpg;rpexbz.jpg;ru6z8v.jpg;rrlqjq.jpg;rt5yes.jpg;rsrrc3.jpg;rrlpsi.jpg;rt3i1s.jpg;rsdavh.jpg;rts7hs.jpg;rrzw0d.jpg;ru2fqm.jpg;ru48ek.jpg;rtrr82.jpg;rsm0t5.jpg;rj6m7g.jpg;ru5aml.jpg;rsmro6.jpg;ru26ij.jpg;rszwad.jpg;rsgsol.jpg;rrrnti.jpg;rto8kv.jpg;rmc346.jpg;rtu7ab.jpg;ru6yv5.jpg;rtvgez.jpg;rsakxe.jpg;rtouvl.jpg;rt227v.jpg;ru8nl6.jpg;rn9xon.jpg;ru7bxz.jpg;rlh3pn.jpg;rtsv4o.jpg;ru5ipu.jpg;rtyrpo.jpg;rts4zi.jpg;rtzq0q.jpg;ru0de2.jpg;rsto2k.jpg;rsrfs0.jpg;rt5p1u.jpg;rt94mz.jpg;rsgz9m.jpg;rtxavn.jpg;ru4fv8.jpg;rtx43z.jpg;rn7orv.jpg;rtnskr.jpg;rri09b.jpg;rt4uz2.jpg;rtkzx2.jpg;rsvf86.jpg;rsokoq.jpg;rthuze.jpg;rrvu7y.jpg;rtv3g0.jpg;ru0kgy.jpg;rownrc.jpg;rt62z6.jpg;ru3iha.jpg;rto18w.jpg;rtqsn3.jpg;rrtzqq.jpg;rk9d6k.jpg;rtcet6.jpg;ru5qa4.jpg;rt94er.jpg;rtnis1.jpg;rsq79k.jpg;ru7l3w.jpg;rrutsa.jpg;rsh02b.jpg;rtmgae.jpg;rtzysk.jpg;rtphe8.jpg;ru88il.jpg;rqd2l5.jpg;rrsx7y.jpg;rrfikt.jpg;rti1r9.jpg;ru50zv.jpg;rts6f3.jpg;ru3xnn.jpg;rtsjeg.jpg;rthxgj.jpg;rtlsvz.jpg;rtqgxt.jpg;ru4b3d.jpg;rsgewq.jpg;ru06jo.jpg;rtcos2.jpg;rtsyx8.jpg;rsj5s2.jpg;ru63lb.jpg;rrxnhn.jpg;rrluy7.jpg;rrbqbe.jpg;rsu4kb.jpg;rqe7aw.jpg;ru65w0.jpg;ru8jgh.jpg;rqrums.jpg;rpdlif.jpg;rqjt6j.jpg;rtwn6f.jpg;rt2qtt.jpg;rturi2.jpg;ru00e4.jpg;ru2bkm.jpg;rtpy9q.jpg;ru0mud.jpg;ru0cku.jpg;ru7t2y.jpg;rs6gji.jpg;rtuesk.jpg;rltvvs.jpg;roip9i.jpg;ru3ope.jpg;rtrmbx.jpg;rtv278.jpg;rtu1rs.jpg;rtarsm.jpg;rro6v9.jpg;rtvs6g.jpg;rlo3kl.jpg;ru5yat.jpg;ru1bb4.jpg;ru1kej.jpg;rpopr6.jpg;rqzh47.jpg;rs4t31.jpg;rswx5b.jpg;rmcn6e.jpg;rtvamh.jpg;rtx54c.jpg;rsf7le.jpg;rr79j9.jpg;rs8971.jpg;rt6uex.jpg;rtw8cp.jpg;rs62x9.jpg;rq1blv.jpg;rsktyh.jpg;rtyscm.jpg;rti0xu.jpg;rto8qb.jpg;rtxmd1.jpg;rtexex.jpg;ru7rn4.jpg;rrv99x.jpg;rtmtn3.jpg;rtx3vq.jpg;rtzw5c.jpg;rljdq8.jpg;ru6kh1.jpg;rsqqys.jpg;rnpp4x.jpg;ro0jma.jpg;rttae7.jpg;ru8puj.jpg;rts0u2.jpg;rsop2j.jpg;rtq6gt.jpg;rosj0u.jpg;rttiey.jpg;rs6sio.jpg;rqfm4a.jpg;rtnf2y.jpg;ru3h6o.jpg;rrnbab.jpg;ru4644.jpg;rtmsx5.jpg;rrnhks.jpg;rqhpbm.jpg;ru0lwn.jpg;rrryw8.jpg;rtpr1a.jpg;ru64qb.jpg;rtv6b2.jpg;rs7mr8.jpg;rtivxw.jpg;rtobcq.jpg;rqrz3t.jpg;ru4209.jpg;rt3v1y.jpg;rt7539.jpg;rpglhx.jpg;rtz7bd.jpg;ru8to6.jpg;rtpr5z.jpg;rtxza4.jpg;rtjn4t.jpg;ru2aw8.jpg;rtzlrv.jpg;rqqccq.jpg;rrp10w.jpg;rtx5rs.jpg;rtrqai.jpg;rttymw.jpg;rnmwuj.jpg;rtt9kf.jpg;ru970a.jpg;ru3bd2.jpg;rs3tfb.jpg;rrfexr.jpg;rs5h3p.jpg;rrigvw.jpg;rtytgn.jpg;rqi7in.jpg;rseaqu.jpg;rszr98.jpg;rstc8b.jpg;rtj3w4.jpg;ru7qfn.jpg;rt1mdg.jpg;ru408e.jpg;rsr6lv.jpg;rtlvuz.jpg;ru1cru.jpg;rtc4gz.jpg;rtyf53.jpg;rtm4mu.jpg;rqutg7.jpg;ru6620.jpg;ru3y22.jpg;rtttc6.jpg;rtz1lh.jpg;rtsmz8.jpg;rtw5q6.jpg;rjak4w.jpg;rtxt6c.jpg;rqx8f9.jpg;rt3evk.jpg;rtu41u.jpg;ru0lm9.jpg;rr0o68.jpg;rrla81.jpg;rq2yjc.jpg;rs3u8c.jpg;rsnjkk.jpg;rtrax1.jpg;ru2icy.jpg;rpt119.jpg;rttwzw.jpg;rt1xkg.jpg;ru5i8s.jpg;rttsgl.jpg;rswazm.jpg;rtz8cu.jpg;rrkh6m.jpg;rsjyl0.jpg;rtf9ou.jpg;rs2dmy.jpg;rsm9ab.jpg;rtvugj.jpg;ru4jfh.jpg;ru10ic.jpg;rrcrbn.jpg;rtm9i0.jpg;rrlrm9.jpg;ron1qh.jpg;rsll82.jpg;ru5zwy.jpg;ru18ll.jpg;rrdg8x.jpg;rn10pw.jpg;rtiy7k.jpg;rtty3p.jpg;rtf63a.jpg;rs4mpl.jpg;rp1e89.jpg;rt0d0p.jpg;rs0heo.jpg;rtzi7x.jpg;rtiy7u.jpg;ru2p3a.jpg;rrc1cu.jpg;ru65qi.jpg;rtxz37.jpg;rtjpke.jpg;rs6erc.jpg;rl5zp7.jpg;rro10r.jpg;rp2xsv.jpg;rrtqda.jpg;rr3dsm.jpg;rtw3e5.jpg;rtvajk.jpg;rt5ipb.jpg;rtb8eq.jpg;rtdfrj.jpg;rndd92.jpg;rrk4xy.jpg
24,120,459,rtq2qr.jpg;rqsk39.jpg;ru85di.jpg;rttfol.jpg;rq19ta.jpg;ru5hgz.jpg;rtf7lo.jpg;rn2611.jpg;rtlgvm.jpg;rsxtl9.jpg;rt966q.jpg;rtc2uo.jpg;rrvcy8.jpg;rsujmj.jpg;ru8jkz.jpg;rk4zn6.jpg;rtcvwf.jpg;ru8z10.jpg;rqeyy7.jpg;rnyuph.jpg;ru32ys.jpg;rtl3g4.jpg;rtlegn.jpg;rt3j19.jpg;rlwr71.jpg;rtfe2g.jpg;rqgegu.jpg;rs9cx4.jpg;rt70o7.jpg;rp8kbo.jpg;ru9a17.jpg;rm7qpa.jpg;ru881n.jpg;rtm13d.jpg;rsu6ms.jpg;ru1hdv.jpg;rtnbjb.jpg;rtu1bs.jpg;rqvztu.jpg;rrrlrn.jpg;rqgufx.jpg;rtv0no.jpg;rt4gph.jpg;rsq8hv.jpg;rtf738.jpg;rqhsrb.jpg;ru1n70.jpg;rtry38.jpg;rtun5w.jpg;rsjefe.jpg;ru4ae1.jpg;roxaq0.jpg;rtuinn.jpg;ru5vb0.jpg;ru11ry.jpg;rsanqz.jpg;ru9jxi.jpg;ru7vf0.jpg;rsaley.jpg;rrq7p0.jpg;rttvsc.jpg;rrnfyp.jpg;roovao.jpg;rt2xhk.jpg;rsk7to.jpg;rsay79.jpg;rtwyed.jpg;rsezo5.jpg;rtx4cn.jpg;rsp8f8.jpg;ru4h51.jpg;ru0rrt.jpg;ru2ndp.jpg;rr7lao.jpg;rmz78v.jpg;rs59yf.jpg;rtwqcv.jpg;rso8d9.jpg;ru412f.jpg;rtbsm6.jpg;ru81pd.jpg;rtsox2.jpg;rtostj.jpg;rttqyh.jpg;rtwbvd.jpg;rogcob.jpg;rltk6n.jpg;rthjmx.jpg;ru9fw0.jpg;ru1015.jpg;rtztqx.jpg;rtfn6s.jpg;rsp7s2.jpg;rtrdmf.jpg;rtyffz.jpg;rqkjja.jpg;rpq0mw.jpg;rtwc5s.jpg;rrzlyo.jpg;ru2dgm.jpg;rtn38v.jpg;rtrhez.jpg;rl3s46.jpg;rtukyi.jpg;ru2os4.jpg;rsmi9o.jpg;rsv2e8.jpg;rts9n5.jpg;rl7uj2.jpg;rqmver.jpg;rr6zjr.jpg;rtp530.jpg;rtf796.jpg;rtav44.jpg;rs31y5.jpg;ru82xw.jpg;rplwtw.jpg;rlym2n.jpg;rss4bq.jpg;rrqgfl.jpg;rt2sge.jpg;rsteed.jpg;rrwj3r.jpg;rtvkdn.jpg;rrc550.jpg;ru4lpn.jpg;rtsi8a.jpg;rtc6gm.jpg;rsktvf.jpg;ru00w2.jpg;rsqgm8.jpg;rtn9hj.jpg;rtwfpi.jpg;rrfh6v.jpg;rtkvwq.jpg;ru27gm.jpg;rtonre.jpg;rrcjvk.jpg;rtw8mg.jpg;rtqf7s.jpg;ru26e8.jpg;ru301f.jpg;ru24bh.jpg;rsqc9d.jpg;rss8oa.jpg;ru8jpv.jpg;rrj7vu.jpg;rsxoeo.jpg;ru5ure.jpg;rtr1te.jpg;rtkcml.jpg;ru2mxl.jpg;rs779b.jpg;rrosgw.jpg;rrnmt8.jpg;rtrkj5.jpg;rtwsmx.jpg;rt6z52.jpg;rq4ijr.jpg;ru8hyr.jpg;ru2nb0.jpg;ru5czn.jpg;rsb0tm.jpg;rrtq5e.jpg;rpqwhf.jpg;rs8eeu.jpg;rtg4t6.jpg;rsj0gh.jpg;rtzu0j.jpg;rrnmk0.jpg;rndtco.jpg;rrh2kb.jpg;rtgwl3.jpg;rslhgv.jpg;rr8ur5.jpg;rtl21i.jpg;rsmrpy.jpg;ru069u.jpg;rix7dd.jpg;rqpds5.jpg;rouzy1.jpg;rttp9w.jpg;rtvr9h.jpg;ru85ei.jpg;rmf1jx.jpg;rrhrb4.jpg;rtjclz.jpg;rt9jja.jpg;ru09k3.jpg;rte8zb.jpg;rqkapk.jpg;rpkqeg.jpg;rtv0yu.jpg;rtwq9x.jpg;rqpuif.jpg;rnnksp.jpg;rtguto.jpg;rm7etk.jpg;rtxsjj.jpg;rrveah.jpg;rtqymk.jpg;rlikxv.jpg;rnms65.jpg;rrs6d3.jpg;rtzc16.jpg;rsjo0y.jpg;rr8nw8.jpg;rqqe63.jpg;ru0id6.jpg;ru0g8c.jpg;rs1tyt.jpg;rtwx7e.jpg;rtebeq.jpg;rlkqly.jpg;rs4qi8.jpg;rtssyw.jpg;rsmn97.jpg;rtbxob.jpg;rmcm6w.jpg;risyq9.jpg;rtnaua.jpg;rrh7df.jpg;rtwz12.jpg;rtka0o.jpg;ru169b.jpg;rqmc2l.jpg;ru08du.jpg;rq0b9q.jpg;rrg0my.jpg;ru7vgo.jpg;rtmla3.jpg;rroh44.jpg;rtsbw1.jpg;rtliog.jpg;rqq07t.jpg;ru13y2.jpg;rtu8ot.jpg;rtyyzs.jpg;rtue7t.jpg;rrnubf.jpg;rtfwed.jpg;rrlbtb.jpg;ru0tni.jpg;ru1s9t.jpg;rtuebn.jpg;rqjv3i.jpg;ru95za.jpg;rr1u6m.jpg;ru81k8.jpg;rsq2fc.jpg;rtioxr.jpg;rt2tnk.jpg;rrang6.jpg;rte8qx.jpg;roapev.jpg;rronu4.jpg;rop8fq.jpg;rrqh2w.jpg;rqkne3.jpg;rtx2s5.jpg;rty8gn.jpg;rsczbq.jpg;rr9jiv.jpg;rtr7lx.jpg;rt8a1e.jpg;ru1nfw.jpg;rt7xap.jpg;rtl7af.jpg;ru212c.jpg;ru4dqo.jpg;rtvixg.jpg;rtsn5i.jpg;rixy4h.jpg;rterit.jpg;ru156m.jpg;rtqbw9.jpg;rrpit5.jpg;ru2rzm.jpg;rrnkbp.jpg;ru5jfb.jpg;rtpu6u.jpg;rrm5og.jpg;rtkvb6.jpg;ru4qf2.jpg;ru38zy.jpg;rtpkx6.jpg;rrdmmg.jpg;rtnz7r.jpg;rt8msm.jpg;rtn0d7.jpg;rtwo10.jpg;rs8ees.jpg;rqxrms.jpg;ru16h9.jpg;rrzbro.jpg;rsveb9.jpg;rtw6e3.jpg;rj2x5a.jpg;rmh7d7.jpg;rq9zxu.jpg;rtn6n1.jpg;rs9j9h.jpg;rrx92u.jpg;rp7wqj.jpg;rs0lxi.jpg;rtdqur.jpg;rtryvl.jpg;rtga5s.jpg;rja24l.jpg;rtlgvb.jpg;rrn8p0.jpg;rswxi4.jpg;rr8imi.jpg;ru1tme.jpg;ru1xzb.jpg;rtsox3.jpg;rnttjl.jpg;rtx4cq.jpg;ru575r.jpg;rtl8cl.jpg;rt2w1l.jpg;rsuwqh.jpg;rrs96t.jpg;rtsvh4.jpg;rsls3u.jpg;rrh581.jpg;rtigah.jpg;ru3nc0.jpg;rtxvik.jpg;rta16s.jpg;rtok0r.jpg;rt3sf2.jpg;rs48ei.jpg;rk5sud.jpg;rt6x5h.jpg;rt5hyp.jpg;rtf0ak.jpg;rtslm5.jpg;ron2ah.jpg;rtojuf.jpg;rtojti.jpg;rsneq1.jpg;ru2dx1.jpg;rsuuux.jpg;rse3zb.jpg;rt7rbr.jpg;rtqidy.jpg;ru7vmq.jpg;ru7hgy.jpg;rt50ri.jpg;ru8b73.jpg;rsb37o.jpg;rthsd3.jpg;rtwi2e.jpg;rix5zt.jpg;rsld7r.jpg;rrvb9v.jpg;rsci7w.jpg;ru4g85.jpg;ril46a.jpg;rtvhwa.jpg;rs1zve.jpg;ru57z1.jpg;rtfcyj.jpg;rl7d4m.jpg;ru5v18.jpg;ru8pfj.jpg;rt2iqo.jpg;rtszav.jpg;rsacoj.jpg;rrphwd.jpg;rkydlv.jpg;rtrq6w.jpg;rtxsdq.jpg;rtzrym.jpg;ru35l1.jpg;rq3rw1.jpg;rtlffg.jpg;rtj637.jpg;rtxaub.jpg;rrpdqn.jpg;ru3gph.jpg;rr1bal.jpg;ru4o3b.jpg;rqm3yp.jpg;rtvbz4.jpg;rtzzu8.jpg;rkza6s.jpg;rri78q.jpg;rtsskp.jpg;rsmabb.jpg;rr992b.jpg;rr5w05.jpg;rlppw7.jpg;rqmagq.jpg;rmw3fx.jpg;rrsxwl.jpg;rtj45w.jpg;rlwcm6.jpg;rn7l0i.jpg;rty761.jpg;ru3guh.jpg;rs8xnb.jpg;ru66z4.jpg;rrurvj.jpg;ru3bof.jpg;rq8tqe.jpg;rtu5mq.jpg;rqruzg.jpg;rtzdba.jpg;ro4z35.jpg;rs9wfl.jpg;rts3yf.jpg;rtidag.jpg;rtx205.jpg;rty5jb.jpg;rqs7dh.jpg;ru2emz.jpg;rqx1i2.jpg;rti0qv.jpg;rqrl5r.jpg;rtov5e.jpg;rqxgcd.jpg;rtsosi.jpg;rt8eby.jpg;rtsnwf.jpg;rnc0ei.jpg;rotytb.jpg;ru36wp.jpg;rtywp0.jpg;rs9xz7.jpg;ru8fxh.jpg;ru3zdk.jpg;rr38dw.jpg;rtxwpy.jpg;rtk2cj.jpg;rtze54.jpg;rtpq87.jpg;ru6ql5.jpg;rs8xdq.jpg;ru3dew.jpg;rt8fk5.jpg;ru0ujq.jpg;rrsva1.jpg;rtdc4s.jpg;rth5my.jpg;rtm3ic.jpg;rs1jy9.jpg;rtuhjh.jpg;rtynwj.jpg;rsyk9n.jpg;rno77c.jpg;rr7sa7.jpg;rtzhbi.jpg;rood92.jpg;rtltce.jpg;ru4o5k.jpg;rtot9n.jpg;rr7wr7.jpg
25,125,408,rttawa.jpg;rstktm.jpg;rtm5da.jpg;rs6v4g.jpg;rqa7go.jpg;rt09s3.jpg;rttdq2.jpg;rruamo.jpg;ru519z.jpg;rs6esc.jpg;ru2d0i.jpg;rtne8m.jpg;rrj3gr.jpg;rrh9nf.jpg;ru0qjn.jpg;rtudft.jpg;ru37w4.jpg;ru04ng.jpg;ru3rau.jpg;rtk57q.jpg;rtwt4q.jpg;rtnpi7.jpg;rt09hc.jpg;ru5nhw.jpg;rtu420.jpg;rtdzmp.jpg;rtug6w.jpg;rt0nwf.jpg;rr1a1c.jpg;rtprh8.jpg;rttisz.jpg;rq22gj.jpg;ru6a3e.jpg;ru8h0r.jpg;roo6kj.jpg;rrpwfz.jpg;rtrqmk.jpg;rtc6l6.jpg;rplkh8.jpg;rtk3zm.jpg;rtr05c.jpg;rtlqxp.jpg;rthnms.jpg;ru77l2.jpg;rtgd7l.jpg;rn4mqr.jpg;rrynel.jpg;rqrl3o.jpg;ru9f52.jpg;ru47nx.jpg;ru2lp7.jpg;rtwqjl.jpg;rrfdap.jpg;rqryz8.jpg;rtjdpg.jpg;ru8jaj.jpg;rtxlq8.jpg;ru1kkg.jpg;rrj59m.jpg;rtow45.jpg;rt8o60.jpg;rrdvi7.jpg;rsuds1.jpg;rt7nmd.jpg;rr7vuy.jpg;ru4z3x.jpg;rtz0lg.jpg;ru5f72.jpg;rqzlvu.jpg;rs4hc9.jpg;rrj3r7.jpg;rtr3ot.jpg;rqwld5.jpg;rsfj6i.jpg;rnzyah.jpg;rtvgk0.jpg;ru4r1c.jpg;ru7x9h.jpg;rmfxfd.jpg;rsvvhs.jpg;rr2my2.jpg;ru1ixe.jpg;rtkomk.jpg;rpghn7.jpg;rtpp55.jpg;rjcbu1.jpg;rtzqpb.jpg;rtf530.jpg;rth51a.jpg;ru0tsf.jpg;rst20i.jpg;rt2hbh.jpg;ru0bx9.jpg;rtvodz.jpg;rshlk8.jpg;rt9x91.jpg;ru1o6y.jpg;rs1jzp.jpg;rt4l2l.jpg;ru40vp.jpg;rt97va.jpg;rttxz5.jpg;roz5qt.jpg;rtpr3k.jpg;ru2l0e.jpg;rtb219.jpg;rrtwu5.jpg;rsatc0.jpg;ru3agn.jpg;rmhavv.jpg;rtnq6r.jpg;ru8fz5.jpg;rrthy1.jpg;rsr1ij.jpg;rqhoy7.jpg;rr89fo.jpg;ru4plz.jpg;rscijn.jpg;rqv7cg.jpg;ru1cfv.jpg;rtigw3.jpg;rmeq1r.jpg;rr9o9y.jpg;rrdxai.jpg;rs3e2e.jpg;rt2mwa.jpg;rs92w6.jpg;rtc3p4.jpg;ru4on9.jpg;ru3vog.jpg;rtnf8b.jpg;rt7r70.jpg;ru2hyh.jpg;rm344v.jpg;rtv7f5.jpg;rttaou.jpg;rtpg7k.jpg;rtxmcx.jpg;rrk218.jpg;rtvkhu.jpg;rtzjk0.jpg;rthtor.jpg;ru50r3.jpg;ru1xrn.jpg;rtil49.jpg;rsru5i.jpg;rrfjv4.jpg;ru6h5r.jpg;rtd7rl.jpg;rtjf2e.jpg;rthigk.jpg;rruqmp.jpg;ru08r5.jpg;rqstil.jpg;rsjhvh.jpg;rsacke.jpg;rrvmhm.jpg;rtrp2u.jpg;rskzvg.jpg;rlt1ar.jpg;ru0wxl.jpg;rtxkru.jpg;rnbi9f.jpg;ron8rx.jpg;rtdyj5.jpg;rtym00.jpg;rt83wd.jpg;rtizwu.jpg;rtryyv.jpg;rtzl8d.jpg;rtyout.jpg;rtp34j.jpg;rttysh.jpg;rmsiiq.jpg;rktgyn.jpg;rnutz7.jpg;rttz02.jpg;rtb9gt.jpg;rtxofd.jpg;rricrc.jpg;ru3n0x.jpg;rtpsxf.jpg;rt1spu.jpg;rta7ba.jpg;ru40lr.jpg;rlituo.jpg;rsd8rz.jpg;rpi8ml.jpg;rtpfo7.jpg;rtzosy.jpg;ru6gt9.jpg;rrj2fh.jpg;rttoo3.jpg;rtj5iz.jpg;rqa77u.jpg;rsh2t7.jpg;rty4mc.jpg;ru6hta.jpg;ru27w9.jpg;ru854i.jpg;rtx1wy.jpg;rr9tod.jpg;rrflwj.jpg;rrzr0l.jpg;rtuig8.jpg;rlu9y6.jpg;rrsgpu.jpg;rqqkfm.jpg;rlk719.jpg;rpakrx.jpg;rtsg7z.jpg;ru3viq.jpg;rttf2q.jpg;rroqzf.jpg;rqxfch.jpg;rtph0s.jpg;rtudis.jpg;rmp311.jpg;rtet5j.jpg;rrb4l4.jpg;rmsi91.jpg;rtbmea.jpg;ru1iyr.jpg;rsp7r7.jpg;rmwkmy.jpg;rqweot.jpg;ru84gq.jpg;rtksoh.jpg;rthe6f.jpg;ru5q5h.jpg;rtxkrp.jpg;rtuv6v.jpg;rtufye.jpg;rtstno.jpg;rm9je4.jpg;rtm9ol.jpg;rqtzer.jpg;rtwivq.jpg;rt3hyd.jpg;rt1q1f.jpg;ru2tdj.jpg;ru3tzu.jpg;rsbsfy.jpg;rtpfhr.jpg;ru73wy.jpg;rre6u9.jpg;rsc69a.jpg;rtt59i.jpg;rtdlc1.jpg;rtydnt.jpg;rjo2ue.jpg;rtsd8i.jpg;rqlf0x.jpg;rtink4.jpg;rrplz9.jpg;rrah9z.jpg;ru0ciz.jpg;ron1qy.jpg;rrh8a9.jpg;rqpjgb.jpg;rt23c7.jpg;rscyq6.jpg;ro2ux8.jpg;ru247b.jpg;rrtk2t.jpg;rqnmdi.jpg;rtrcdk.jpg;rtjzu2.jpg;rt98vh.jpg;rtjubp.jpg;rtpf6s.jpg;rtfhrj.jpg;rr2bn5.jpg;rsi10y.jpg;rtxxg9.jpg;rsbtow.jpg;rqxke1.jpg;rt7nfs.jpg;rtqg0t.jpg;rthx2f.jpg;rtjbwf.jpg;rrbzk8.jpg;ru8g7r.jpg;rrd6tb.jpg;ru3vt3.jpg;rte4hr.jpg;rqf09a.jpg;ru0i43.jpg;rnu3dj.jpg;rsfp41.jpg;ro2sju.jpg;rqx4o7.jpg;rtxla1.jpg;rtwnop.jpg;rtfzom.jpg;ropvyv.jpg;rok8mj.jpg;ru2qj5.jpg;rtks4k.jpg;rtn85i.jpg;ru0ebi.jpg;rt0stl.jpg;rso5zl.jpg;rs8c2j.jpg;rtqkm3.jpg;rn97m5.jpg;rtzmpd.jpg;rpgi26.jpg;ru3f7v.jpg;rtj43m.jpg;rtuady.jpg;rtzlwx.jpg;rrimns.jpg;rtvhr3.jpg;rscefr.jpg;ru0del.jpg;ru7vot.jpg;rtcutb.jpg;rpbrs9.jpg;rlzc39.jpg;rtybx4.jpg;rt56p4.jpg;ru0327.jpg;rt9faz.jpg;ru06wk.jpg;rr16w0.jpg;rtc3vz.jpg;rsp6u2.jpg;rtl45c.jpg;rq78qb.jpg;ru1oet.jpg;rtkexq.jpg;roavzh.jpg;rtpm9j.jpg;rrbbm4.jpg;rtmmjv.jpg;rtuwmo.jpg;rqqhan.jpg;rtqkrq.jpg;rtwr4y.jpg;rr9p9n.jpg;ru0ij3.jpg;rtlth0.jpg;rt4tyt.jpg;rrpr7v.jpg;rtlzl6.jpg;rtw3uw.jpg;rsqzpu.jpg;rlmpvo.jpg;rqgopx.jpg;rttmx1.jpg;rryjq1.jpg;roby6i.jpg;rrfxzz.jpg;rr7f23.jpg;rtstai.jpg;rthwi5.jpg;rqmuqu.jpg;rr0gzq.jpg;ru5mgy.jpg;rtg61i.jpg;rrj1nb.jpg;rrytte.jpg;ru2no7.jpg;rmtd6u.jpg;rrpzsw.jpg;rq7p0x.jpg;rtc21k.jpg;rmak8j.jpg;ru8h2y.jpg;rtuxmv.jpg;rryk7f.jpg;rtyaw0.jpg;rttf7h.jpg;rp7lk6.jpg;rtrc5p.jpg;rrriwu.jpg;ru4x9x.jpg;ru6udb.jpg;ru0676.jpg;rp1c5j.jpg;ru5as7.jpg;rqhv6j.jpg;rq233k.jpg;rrn5vx.jpg;rtzsjs.jpg;rsxaa0.jpg;rt95w7.jpg;rsjm85.jpg;rtxb36.jpg;rq5blb.jpg;rsc6b3.jpg;rsreg5.jpg;rttmyp.jpg;ru18ex.jpg;rqymit.jpg;rtk0rm.jpg;rs4kut.jpg;rts7wb.jpg;rsabj3.jpg;rnfofn.jpg;ru8xlp.jpg;ru1a3g.jpg;rms86l.jpg;rtwqk1.jpg;rtnfr0.jpg;rtyze8.jpg;ru5a8m.jpg
26,130,384,rsjip2.jpg;ru4rdv.jpg;rpdlhu.jpg;rt1qwu.jpg;rm810g.jpg;rtkdjg.jpg;rr3bdm.jpg;rs17qy.jpg;rsoy0v.jpg;rt8v66.jpg;ru1lpt.jpg;rm9b56.jpg;ru0ca1.jpg;rq31tl.jpg;rtr1zs.jpg;rtnasl.jpg;rs5mni.jpg;rtap14.jpg;rqk5e9.jpg;ru2wtl.jpg;rtvuam.jpg;rthvg3.jpg;rsnga7.jpg;rtnmif.jpg;rsiwpj.jpg;rp21vz.jpg;riva24.jpg;rsnw03.jpg;rtdodi.jpg;rt833k.jpg;rrcos7.jpg;ro9l17.jpg;rtikfu.jpg;rmj0ou.jpg;rthzmn.jpg;rroc4s.jpg;rr9121.jpg;rsdk7o.jpg;rr6enr.jpg;rsk9lj.jpg;rtxdz2.jpg;rtcwmk.jpg;rszu4x.jpg;rtzkz8.jpg;rtk84n.jpg;rrqhcs.jpg;ru16qm.jpg;rtik2z.jpg;rr1tp4.jpg;ru57tv.jpg;rqqj85.jpg;rrodkc.jpg;ru5zl1.jpg;rthrdf.jpg;rtfdb5.jpg;ru5xu0.jpg;rsyq2z.jpg;rrz1qt.jpg;rrldjt.jpg;rsp94m.jpg;roootx.jpg;rttthu.jpg;ru1mh2.jpg;rporok.jpg;ru8vm2.jpg;rtc400.jpg;ru8no0.jpg;rr775u.jpg;rtte2j.jpg;rsy7ln.jpg;rpacsn.jpg;rq8n79.jpg;rlo0ru.jpg;rovpmi.jpg;rtk81z.jpg;rt88ac.jpg;ru8qag.jpg;ru174r.jpg;rts128.jpg;rs7if0.jpg;ru57o5.jpg;rmxaci.jpg;rqy41r.jpg;ru15t9.jpg;rtiei5.jpg;ru7wgp.jpg;rqybvu.jpg;ru5fts.jpg;ru1pfj.jpg;rsyiqo.jpg;ru64pp.jpg;rregxb.jpg;rpu4og.jpg;rtpmxe.jpg;rqm8z6.jpg;rttvzm.jpg;rs5bgj.jpg;ru1i09.jpg;rtyzt7.jpg;rtkr17.jpg;ru5m6c.jpg;rsv0bg.jpg;rrl63s.jpg;rrcwf3.jpg;rtu8po.jpg;rraolw.jpg;ru6cni.jpg;rtkxpo.jpg;rscfmo.jpg;rqy8ur.jpg;rpz54c.jpg;rrp6x0.jpg;rtok8h.jpg;rt84lw.jpg;rtregs.jpg;ru1mrg.jpg;ru0i50.jpg;rtagt5.jpg;ru396r.jpg;rsflcl.jpg;ru45a8.jpg;rscbgw.jpg;ru8tts.jpg;rtlqy0.jpg;ru0dso.jpg;rrwd3s.jpg;rrzcql.jpg;rttrxq.jpg;rtsen5.jpg;rt8ee5.jpg;rr9aed.jpg;rtsdu2.jpg;rsbpjm.jpg;ru0gr4.jpg;rmenme.jpg;rphg7v.jpg;rtkf7q.jpg;ro0f48.jpg;rshqel.jpg;rn5wnq.jpg;rtcyhd.jpg;rtz9me.jpg;rrgzv4.jpg;rtwhl2.jpg;ru8l6q.jpg;rt3xyw.jpg;rtd73p.jpg;rmzt96.jpg;rj9n0k.jpg;rtvvex.jpg;rszqj4.jpg;rtjpmg.jpg;rr6qre.jpg;rtg0r7.jpg;rsjlet.jpg;rtsw4k.jpg;rs83mm.jpg;ru1nmh.jpg;rqn8wq.jpg;rn5sxo.jpg;rjitba.jpg;rtzaaz.jpg;rtttzb.jpg;rrypj1.jpg;riu0hy.jpg;rqx6f9.jpg;rth4av.jpg;rtt301.jpg;rtg0yv.jpg;rs8q73.jpg;rtu9rx.jpg;rt8tlt.jpg;ru1m2u.jpg;rrpv8b.jpg;ru8qpv.jpg;ru44cr.jpg;rqtnf7.jpg;rtyjip.jpg;rswebl.jpg;rty2a0.jpg;ru34zv.jpg;rtxfpr.jpg;rtst0x.jpg;rsaa1z.jpg;ru46t3.jpg;rtoia9.jpg;rr003z.jpg;rsx2b3.jpg;rtor1x.jpg;rtpk6f.jpg;rivz2p.jpg;ru3zda.jpg;rncvcx.jpg;rtg3ng.jpg;rrr18u.jpg;rsle4s.jpg;rqhcx1.jpg;rtp0ly.jpg;rtxppn.jpg;ru08or.jpg;ru40de.jpg;rtzau6.jpg;rsvfnl.jpg;rs5btb.jpg;rtdn1v.jpg;rtwr7u.jpg;rtaohv.jpg;rtvrxo.jpg;rt4bh7.jpg;rtnu8u.jpg;ru4ldn.jpg;rrzduc.jpg;rrwx0s.jpg;rtzj33.jpg;rswzv0.jpg;rsbqxf.jpg;rquiv9.jpg;rrunp1.jpg;rrkjov.jpg;rtjx6u.jpg;rsveg8.jpg;ru08i6.jpg;rt00ql.jpg;rqrhch.jpg;rszni0.jpg;rslgq5.jpg;ru0u53.jpg;rsm63y.jpg;rtzama.jpg;rsu5a2.jpg;rtnv7h.jpg;rrj0vg.jpg;rqdazj.jpg;rm5iqy.jpg;rrl2fz.jpg;rtxgza.jpg;rtr68o.jpg;ru4v0d.jpg;rtevso.jpg;rt1n4x.jpg;rtullu.jpg;rtc6l7.jpg;rr9z7k.jpg;rlk961.jpg;rr657b.jpg;rtkab1.jpg;ru5bgm.jpg;rtmie4.jpg;rtv3p9.jpg;rr9qcg.jpg;rriekk.jpg;rorezr.jpg;rttgw3.jpg;ru8q3e.jpg;rsr1qx.jpg;rlsfej.jpg;rtqrqy.jpg;rrgu9r.jpg;rtosiy.jpg;rtwab8.jpg;rkxd4a.jpg;rs3ubt.jpg;ru0i4v.jpg;rmizb3.jpg;rsyozd.jpg;rtc5af.jpg;ro2qlk.jpg;rszo0r.jpg;rt87ap.jpg;rtydxk.jpg;rmmrwp.jpg;ru7ps5.jpg;rts7jz.jpg;rtxyxb.jpg;rlj1d0.jpg;rtpcq2.jpg;ru7w8g.jpg;rtcnif.jpg;rrwc7u.jpg;rryphb.jpg;rt292l.jpg;rt5zn5.jpg;rryo6h.jpg;rssc4z.jpg;rthzdb.jpg;ru3z7x.jpg;ru9dod.jpg;rsf4fi.jpg;rsxq19.jpg;rt1s3f.jpg;ru7t05.jpg;rtyxmu.jpg;rrlq7b.jpg;rltyem.jpg;rre1ck.jpg;rtu7ta.jpg;rt5581.jpg;rsqoma.jpg;rttp3e.jpg;rpgdf7.jpg;ru0hiw.jpg;rrqxh0.jpg;rtnr22.jpg;rtpsb0.jpg;rpspru.jpg;rtgcv3.jpg;rtxg36.jpg;rqv9wp.jpg;rsa71m.jpg;rtfvxq.jpg;rqqxop.jpg;rt5sgv.jpg;rqvflk.jpg;ru7xk9.jpg;rrw9iv.jpg;rtot63.jpg;rtqfxh.jpg;rqfv8i.jpg;rop2yp.jpg;rqnlhj.jpg;ru12ru.jpg;ru09bn.jpg;rtrkgj.jpg;rtvn4r.jpg;rtucln.jpg;rtmuso.jpg;rri2rq.jpg;rqpezr.jpg;rtuv6k.jpg;rtmahv.jpg;rs96sw.jpg;rtteym.jpg;rrj4uj.jpg;rptdi5.jpg;rqyk15.jpg;ru07va.jpg;rrhq0u.jpg;rty3d6.jpg;rjf2f1.jpg;rlp44y.jpg;rtykum.jpg;rtefp1.jpg;rs1sr5.jpg;rtuoxx.jpg;rtfv2y.jpg;rtwxm6.jpg;rmvi1o.jpg;rqvryf.jpg;ro8b7n.jpg;rts8ta.jpg;rtmqq8.jpg;ru0hsk.jpg;rt97x8.jpg;rtujui.jpg;ru16kv.jpg;rmkko3.jpg;rscbfj.jpg;rsi62f.jpg;rts5c2.jpg;rtss60.jpg;rtfyfr.jpg;rtyuju.jpg;ru8wso.jpg;rt2fvs.jpg;rrdy0m.jpg;rts8i4.jpg;rswtib.jpg;rpxfy3.jpg;rtjpr5.jpg;rtu6hr.jpg;rsgkxk.jpg;rqug80.jpg;rszmd7.jpg;rqv69l.jpg;rqesck.jpg;rtse1b.jpg;ru1nv9.jpg;rtsfki.jpg;rt8dnl.jpg;ru7qup.jpg;rj45j7.jpg;rtnquc.jpg;rsh4zw.jpg;rjojfc.jpg
27,135,301,rtkbd8.jpg;ru8kr0.jpg;rsw3kp.jpg;rslci9.jpg;rtkvfh.jpg;rr9mt5.jpg;rttun9.jpg;rqii3v.jpg;ru0qqo.jpg;rtr2a4.jpg;rsl5hf.jpg;rtmizn.jpg;rroeq0.jpg;rqw3qh.jpg;rtdi0g.jpg;rstffl.jpg;rt3lyz.jpg;rtq2m3.jpg;rt8d4s.jpg;rltzxo.jpg;rsgn9z.jpg;rlixeo.jpg;rtfwfs.jpg;rrrz3o.jpg;rrb95b.jpg;rr2llz.jpg;ru48q3.jpg;rs4v1y.jpg;rs9gjg.jpg;rsbwe1.jpg;rrm5cy.jpg;rqsen1.jpg;rt0d34.jpg;rrm1jp.jpg;rngwmv.jpg;rnr17n.jpg;rtwlei.jpg;ru83ut.jpg;rthykw.jpg;rt9wvi.jpg;rptbzi.jpg;rts1m8.jpg;roiawf.jpg;rqlk97.jpg;ru3uv9.jpg;rsez3y.jpg;rteh9j.jpg;rsrsid.jpg;rr9lun.jpg;rrseq0.jpg;rrzbt3.jpg;ru0ylg.jpg;rop70i.jpg;rrf0ms.jpg;ru884z.jpg;ru4t0g.jpg;rsg5j0.jpg;ru72ti.jpg;rtv9cu.jpg;rrlpue.jpg;rt5uvf.jpg;rtyyjv.jpg;ru2i5k.jpg;rtrfko.jpg;rqrio1.jpg;rtyv83.jpg;rs5dkh.jpg;rtouzc.jpg;ru4kcu.jpg;rtzejy.jpg;rtz54o.jpg;rr54uw.jpg;rray2n.jpg;rr1nnq.jpg;rtfdlb.jpg;rqvm8v.jpg;ru2i8l.jpg;rtxg23.jpg;rt0x1z.jpg;rpvypw.jpg;rtyev3.jpg;rtotx0.jpg;rrxm3y.jpg;rmd4ii.jpg;rr2x4a.jpg;rtiiov.jpg;ru4jl2.jpg;ru62sz.jpg;rsl5n7.jpg;rtm2oo.jpg;rtogwl.jpg;rsegsx.jpg;rtijmr.jpg;rtybhk.jpg;rts6op.jpg;rjm25t.jpg;rlrdav.jpg;rsm8fg.jpg;ru75nb.jpg;rscpu1.jpg;rtw8xu.jpg;rtm9hb.jpg;rtu2rx.jpg;rtrbez.jpg;rthvjq.jpg;rtns06.jpg;rturim.jpg;rtl6a4.jpg;rsgdp4.jpg;ru20e4.jpg;rtfet5.jpg;rtpjhz.jpg;rtzwle.jpg;rrmzv1.jpg;ru0ryu.jpg;ru88d7.jpg;rtjk4c.jpg;rmdvu1.jpg;ru3se6.jpg;rtwyd4.jpg;rtt7b5.jpg;rtnvef.jpg;ru88u0.jpg;ru8op9.jpg;rrk9qj.jpg;rrabtd.jpg;ru5fa0.jpg;rq08kl.jpg;rsevr9.jpg;rndvhc.jpg;ru3wj2.jpg;rtfsj8.jpg;rj6017.jpg;rtzwry.jpg;rtiiqq.jpg;ru1eij.jpg;rsvufg.jpg;rkulxz.jpg;ru45b0.jpg;rs3ahx.jpg;rtqqvv.jpg;rt9bfr.jpg;rqz4uu.jpg;rl6pk9.jpg;rn6r6r.jpg;rtdgsk.jpg;ru5xha.jpg;rtn1yt.jpg;rodfl5.jpg;rsysw1.jpg;rtzoxs.jpg;rtemhp.jpg;rtnyck.jpg;rqdii3.jpg;rtkrxr.jpg;rtsafu.jpg;ru8skx.jpg;rntkto.jpg;rr9re9.jpg;rropu3.jpg;rts788.jpg;rtggsq.jpg;rtswm3.jpg;rts8gn.jpg;rtxrde.jpg;rtrzjs.jpg;rss3fc.jpg;rsiyxj.jpg;rt5i9b.jpg;rr6d9f.jpg;rppvag.jpg;ru2cip.jpg;rrzzsb.jpg;rt1p78.jpg;rtzh8g.jpg;rts9kw.jpg;rtvhqt.jpg;rt7o6k.jpg;rtrxew.jpg;rlg2uk.jpg;rqz2nt.jpg;rr7g0h.jpg;ru72am.jpg;ru5g86.jpg;rt23hq.jpg;ru4sm6.jpg;ru5ufp.jpg;rtsjbk.jpg;rp9gcb.jpg;rs4x79.jpg;rrpc31.jpg;ru6bo2.jpg;rtolc6.jpg;rn1zer.jpg;rtxkxo.jpg;rqcpkv.jpg;rt11js.jpg;rtb7zy.jpg;rtj5z0.jpg;ru45mx.jpg;rr7r98.jpg;rsxekc.jpg;rrh1us.jpg;rr4ecl.jpg;rty0os.jpg;rtp666.jpg;rtfvi4.jpg;rrowry.jpg;rts0nk.jpg;ru9j80.jpg;ru0a9c.jpg;ru3we5.jpg;rrbl6h.jpg;rtetan.jpg;ru21di.jpg;ru3mvw.jpg;rqh25v.jpg;rqkapb.jpg;rou9zd.jpg;rsq8eo.jpg;rsgc53.jpg;ru2ol2.jpg;rmakct.jpg;rmhh4n.jpg;ru92qv.jpg;rtvh2y.jpg;rqtsic.jpg;rophkr.jpg;ru0yx5.jpg;rqjmf1.jpg;rti5zb.jpg;rt8c4f.jpg;rncjfz.jpg;rtt8f5.jpg;ru55fr.jpg;rs2l1d.jpg;rtu6zg.jpg;ru17ef.jpg;rr6lm7.jpg;rrla56.jpg;rt3mmy.jpg;rsl237.jpg;rrpg0t.jpg;rttaet.jpg;ru5osa.jpg;rrgd2q.jpg;rq5xiy.jpg;ru4ui4.jpg;rsbaqo.jpg;rr6ako.jpg;rqy8ke.jpg;ru7nfm.jpg;ru0jf6.jpg;rs4wgd.jpg;ru9a9z.jpg;ru45ye.jpg;rrc7uc.jpg;ru8hh4.jpg;rtmhsd.jpg;rt88wk.jpg;rtid4e.jpg;rt8der.jpg;rtx2vc.jpg;ru98qm.jpg;ru2e15.jpg;ru3wvb.jpg;rtxyi3.jpg;ru6svj.jpg;rtvmpy.jpg;rt8gjg.jpg;rp6mli.jpg;rnr3ez.jpg;rtpwlu.jpg;ru5qg1.jpg;rkwf47.jpg;rtx7j4.jpg;rqedjz.jpg;rqpruh.jpg;ru5bcu.jpg;rtitkf.jpg;rts9wo.jpg;rmcqyi.jpg;rrejgq.jpg;rqrt9s.jpg;rtit18.jpg;rtvlau.jpg;rrsbu2.jpg;rqvfcd.jpg;ru0x3y.jpg;ru0yky.jpg;rtoy9s.jpg;rr9jts.jpg;ru2aao.jpg;rsj9w3.jpg;rtqysd.jpg;rsbihy.jpg;rrlpth.jpg;rnwr1n.jpg;rprd0p.jpg;rm5bms.jpg;rsbf6f.jpg
28,140,234,rmusdl.jpg;rt3zzf.jpg;rtzkz6.jpg;rtscpr.jpg;rtovph.jpg;rrgfg1.jpg;rtv0kq.jpg;rtrcq2.jpg;rqz5sz.jpg;rpq9zu.jpg;rttz11.jpg;rtvk12.jpg;rli1nm.jpg;rt8i6p.jpg;rsavvi.jpg;ru06n1.jpg;rrc1mu.jpg;ru5vbz.jpg;rr7hce.jpg;rtz37p.jpg;ru3ngt.jpg;rrsxfe.jpg;rtr11p.jpg;ru1cac.jpg;rqw9xu.jpg;rs1deo.jpg;ru2kac.jpg;rsntqd.jpg;rq8w53.jpg;rsxzht.jpg;rtp41u.jpg;rqisxf.jpg;ru8ui3.jpg;rtwwu3.jpg;rmsmq7.jpg;rttili.jpg;rqm8mp.jpg;rtvrme.jpg;rmnlty.jpg;rqxnxm.jpg;rs42ph.jpg;rr11mg.jpg;rreh3a.jpg;rtipua.jpg;rsvv4a.jpg;rtg96w.jpg;rtrjen.jpg;rtj373.jpg;ru19ki.jpg;rt2lll.jpg;rtkqk8.jpg;rtvxcu.jpg;ru2mpe.jpg;rr71a0.jpg;ru836o.jpg;ru89me.jpg;ru1ov5.jpg;rtgdx6.jpg;rrn6pi.jpg;ru8v3v.jpg;rty4cb.jpg;rtnspo.jpg;rswv8l.jpg;ru4xfi.jpg;rksr1k.jpg;rtwsul.jpg;rtvzh8.jpg;rs3ep1.jpg;ru2bdc.jpg;rtvcmn.jpg;rstq10.jpg;rtu6of.jpg;ru3og9.jpg;rsezg7.jpg;rttecc.jpg;rtvmx3.jpg;rr183e.jpg;rs74tw.jpg;rtlgip.jpg;rsr9tq.jpg;ru4wi3.jpg;rtupzv.jpg;rqw1t0.jpg;rtzi4s.jpg;rtn8wa.jpg;rtg6yh.jpg;rtgh49.jpg;rtip1u.jpg;rs675l.jpg;rtv8nt.jpg;rqqnqy.jpg;ru2r4t.jpg;rtu8o3.jpg;rt77kv.jpg;ru6lsw.jpg;rtgy89.jpg;rqukhj.jpg;rtq7wi.jpg;rt2nru.jpg;ru3y1y.jpg;rmdi4v.jpg;ru5yd4.jpg;rtul1i.jpg;rtyylt.jpg;ru3bas.jpg;rsb61v.jpg;ru5r82.jpg;rspemy.jpg;rthkau.jpg;rtvk0v.jpg;rsdirj.jpg;rtwb6s.jpg;ru5vqt.jpg;rtm3hs.jpg;rty4t2.jpg;rt8x14.jpg;rr8vls.jpg;rtnbzc.jpg;rrdd9s.jpg;rsie28.jpg;rtof3r.jpg;rts8d2.jpg;rtmu55.jpg;rmj403.jpg;rorf4w.jpg;rtkqai.jpg;ru63fx.jpg;rtq4fn.jpg;rtl0ec.jpg;rte2sc.jpg;rrsj07.jpg;rtqhuz.jpg;rtv33f.jpg;rttawq.jpg;ru0h07.jpg;rt602q.jpg;rqpy19.jpg;rtvr2b.jpg;rtp43b.jpg;rttd4f.jpg;rkc2t2.jpg;ru65xk.jpg;rtqyii.jpg;rtph5q.jpg;rttspd.jpg;rqrsch.jpg;rrmv1h.jpg;rsrzxv.jpg;rr4s1d.jpg;rtsa3d.jpg;ru66kt.jpg;ru3o7c.jpg;rsgb8u.jpg;rkq1tu.jpg;rs20lc.jpg;rsnxdi.jpg;rtt5jd.jpg;rtd3py.jpg;rr611f.jpg;rrq2tw.jpg;rs7kut.jpg;rr2iwf.jpg;rslago.jpg;rreykb.jpg;ru2azo.jpg;rre53l.jpg;rtg8bi.jpg;rtgcqz.jpg;ru6l9x.jpg;rrrr97.jpg;rsd8du.jpg;rtx3g8.jpg;rttetd.jpg;rrf9ne.jpg;rspg4m.jpg;rngi1n.jpg;rttqbf.jpg;rr64uv.jpg;rtrpy8.jpg;rrsftd.jpg;rrtc2f.jpg;rt8c68.jpg;rtyosx.jpg;rts945.jpg;ru4tlo.jpg;rtwi4x.jpg;rty6ap.jpg;rr8s69.jpg;ru7cs4.jpg;rtkmpl.jpg;ru19pn.jpg;rq8pdo.jpg;rtvcoy.jpg;ru07nc.jpg;rtxkoe.jpg;rtef3o.jpg;ru0lbp.jpg;rm8qo7.jpg;rts9ss.jpg;ru6wnc.jpg;rtr2dy.jpg;rto5de.jpg;ru7ppx.jpg;rtuosk.jpg;rqysoe.jpg;rsgptf.jpg;ru6yhu.jpg;rto048.jpg;rtssgc.jpg;rss6hs.jpg;roe8qd.jpg;rsdts7.jpg;rt3zq2.jpg;rpyzkr.jpg;ru6k7z.jpg;ru4y4p.jpg;ru4t6w.jpg;ro3j85.jpg;rtqacn.jpg;ru46de.jpg;rtq4sf.jpg;rtsy5r.jpg;rtb0tw.jpg;rtt3ct.jpg;ru6xv8.jpg;rtzmnk.jpg;rtgz84.jpg;rr0hir.jpg;rsdi47.jpg;rtkkhx.jpg;rtsvaz.jpg;ru4y18.jpg;ru4tra.jpg;rtu98v.jpg
29,145,164,rrat6h.jpg;rr3urj.jpg;rsic99.jpg;rj1dxz.jpg;rtrln2.jpg;rtr3aj.jpg;rtlxub.jpg;rtq4p0.jpg;ru8jbe.jpg;rs9tuq.jpg;rracuz.jpg;rtgr8h.jpg;rtugw8.jpg;rqvsb8.jpg;rsmkdt.jpg;rqt79n.jpg;ru48pq.jpg;rs9b8i.jpg;rqj6pu.jpg;rryvps.jpg;rqf8ox.jpg;rtpsry.jpg;rth9ww.jpg;ru88hs.jpg;rr6i3p.jpg;rtoylb.jpg;rtr0pm.jpg;rsol9a.jpg;rtw134.jpg;rto5if.jpg;rnnx1y.jpg;ru7rxa.jpg;rqwtcm.jpg;rts5u8.jpg;ru76si.jpg;rtsd4w.jpg;rp9cpk.jpg;rs9w1g.jpg;rtrxu7.jpg;ru9cox.jpg;ru87ib.jpg;ru8a04.jpg;rtrayl.jpg;rthfn6.jpg;rrb413.jpg;rqbmqr.jpg;rt6qti.jpg;rsl18r.jpg;rs8g19.jpg;rtf9gd.jpg;rtr22g.jpg;rtu7rh.jpg;ru67nz.jpg;rslkua.jpg;rqides.jpg;rnjblh.jpg;rm5ujt.jpg;rtf27u.jpg;rqr7t9.jpg;rl4dcd.jpg;rs9veb.jpg;ru7wr7.jpg;rr5j23.jpg;ru17pa.jpg;rts0y5.jpg;ru057r.jpg;rs7rfi.jpg;rt7gx2.jpg;ru7u61.jpg;rssiy0.jpg;rtzhq7.jpg;rtscd8.jpg;rqrxoi.jpg;rr6qws.jpg;rtv0x1.jpg;rmpvw9.jpg;rts8uh.jpg;ru7zbg.jpg;ru0fsh.jpg;rjrm4r.jpg;rts0fr.jpg;rtk33t.jpg;rsrr7l.jpg;rts88u.jpg;rsax9i.jpg;rsylxq.jpg;rrm3kd.jpg;rnki37.jpg;rtj7wa.jpg;rlw9wg.jpg;rtnuu1.jpg;rtska9.jpg;rthp1a.jpg;rsmc6a.jpg;rtnkiy.jpg;rqu2s2.jpg;rsll5f.jpg;ru51j6.jpg;rst2id.jpg;ru7jl4.jpg;rsp275.jpg;rj16v9.jpg;rs28u6.jpg;rtqdcp.jpg;rtxkps.jpg;rtuaz5.jpg;rro40n.jpg;rqfnbr.jpg;rsqltr.jpg;romdgn.jpg;rtzu0w.jpg;rqgwit.jpg;rtrwf0.jpg;rqupoh.jpg;rspqj1.jpg;rs6enk.jpg;ru3j6n.jpg;rtsaup.jpg;rnfio2.jpg;rtiskd.jpg;rtugh2.jpg;rsl215.jpg;rr7xy7.jpg;rnic0v.jpg;ru8n40.jpg;ru0iwf.jpg;ru61ss.jpg;rtybeu.jpg;rtqxaq.jpg;rtrvv3.jpg;rrfmm5.jpg;rts91f.jpg;rtulos.jpg;ru4rs2.jpg;rrpple.jpg;rtwglz.jpg;rswo1n.jpg;rqvrfj.jpg;ru5ko7.jpg;rtiyqk.jpg;rrdxaw.jpg;rrg1ys.jpg;ru1gs7.jpg;rtsqwt.jpg;rshx77.jpg;rro523.jpg;rqwgrp.jpg;rsjyw8.jpg;rs9kr1.jpg;rp9rxm.jpg;ru7u2w.jpg;rr105e.jpg;rswwmi.jpg;rn7qcj.jpg;rsiwc8.jpg;ru2i7c.jpg;rtczau.jpg;rrhoz5.jpg;rofbre.jpg;rswwhx.jpg;rt714c.jpg;rngsr6.jpg;ru1caa.jpg;ru7cqd.jpg
30,150,101,rtybwa.jpg;rttc6m.jpg;rtxwfz.jpg;rtvu42.jpg;rsdhl7.jpg;rtke69.jpg;rm7cg6.jpg;rroivl.jpg;ru7e0d.jpg;rsdqwf.jpg;rtycyh.jpg;rtkv2k.jpg;rtjmtf.jpg;rlsbva.jpg;rs4x5k.jpg;rtrj2q.jpg;rtk6zl.jpg;rtk8ro.jpg;rja2eg.jpg;ru7qe5.jpg;ru8wlk.jpg;rrw6ie.jpg;rs7exe.jpg;rtpgx8.jpg;rtreqd.jpg;ru5cum.jpg;ru0ham.jpg;rsp0fb.jpg;rr00bd.jpg;rsgpbe.jpg;rk7ezg.jpg;rtokwf.jpg;ru0fqz.jpg;rqiky8.jpg;ru1w5d.jpg;rtk92s.jpg;rtxjom.jpg;rrp8xq.jpg;rs5zxd.jpg;ru1sre.jpg;rrskg0.jpg;rtrtbb.jpg;ru82mk.jpg;rrd1y0.jpg;rtykzi.jpg;rsdsi9.jpg;rtt01g.jpg;rtddro.jpg;rtusm5.jpg;rnzyp3.jpg;rs3mni.jpg;rtauh6.jpg;ru6zoc.jpg;rti2ov.jpg;ru1hdl.jpg;rty1lv.jpg;rrewer.jpg;ru7ssb.jpg;ru3taf.jpg;ru6z20.jpg;rtt595.jpg;rrfear.jpg;rmlx79.jpg;ru3y5j.jpg;rtss3f.jpg;rr3v0d.jpg;rtp339.jpg;rs1ml9.jpg;rtb8pl.jpg;rrhrom.jpg;rtmviq.jpg;rjv7t8.jpg;rnp9t6.jpg;rtqeeg.jpg;rr70uf.jpg;rkt16k.jpg;rrluug.jpg;ru4qyp.jpg;rsl9be.jpg;ru49gr.jpg;ru1xcx.jpg;rrn5mz.jpg;ru4ho6.jpg;rtoy5b.jpg;rtyqku.jpg;ru2ly5.jpg;rrr3mr.jpg;rt4r0m.jpg;rsyxa5.jpg;rr5n3c.jpg;rtnxuz.jpg;rrj1z0.jpg;rpyiwn.jpg;rll5pd.jpg;rtsyii.jpg;rtizb5.jpg;ru37ec.jpg;rt8kbq.jpg;rtkjlz.jpg;rtxf4a.jpg;ru1faf.jpg
31,155,52,rtylyp.jpg;ru3cky.jpg;rt9cwx.jpg;rtul03.jpg;rss8qj.jpg;rshji2.jpg;ru1uzo.jpg;rtk4gf.jpg;riex6c.jpg;rtwehf.jpg;rsiepn.jpg;rqka4z.jpg;ru3a8v.jpg;ru1d2v.jpg;ru338f.jpg;rso5h2.jpg;ru5q70.jpg;rt6io3.jpg;rra887.jpg;rmgceo.jpg;rnc5l2.jpg;rr24td.jpg;rlphdu.jpg;rtuwnz.jpg;rrhstm.jpg;ru5p3q.jpg;rtxist.jpg;rr4a6c.jpg;rso5b4.jpg;rlis3r.jpg;rtj74v.jpg;rtqzkl.jpg;rqsyu7.jpg;rtzstl.jpg;rsicoj.jpg;rsvl0n.jpg;rtwg79.jpg;rtpg8d.jpg;rs8ej0.jpg;rtode3.jpg;rs3nwh.jpg;ru6jy0.jpg;rtpsbu.jpg;ru2ndr.jpg;rq53id.jpg;rswwx1.jpg;rsugn8.jpg;rtp9sy.jpg;rrwlx2.jpg;rmpbvs.jpg;ru4qzj.jpg;rsbk5u.jpg
32,160,35,rsujzy.jpg;rqa8jb.jpg;rtt33u.jpg;rs4fsb.jpg;rss502.jpg;rqcqsi.jpg;rrgo6c.jpg;rqa9g2.jpg;rtswj3.jpg;ru2mbx.jpg;rs1pvb.jpg;rtpequ.jpg;rr93cx.jpg;ru2lta.jpg;rtjvk0.jpg;rrauht.jpg;rtudep.jpg;rtmc97.jpg;rty2ox.jpg;rtjyr1.jpg;rquu1i.jpg;rrkvf0.jpg;rsi2o2.jpg;rrmnwb.jpg;ru6n4r.jpg;rtsuyc.jpg;rsk6x7.jpg;rtvy27.jpg;rsn5zn.jpg;rtkoqq.jpg;rt7sfu.jpg;rrok9l.jpg;rlmo7f.jpg;ru4kre.jpg;rsx30l.jpg
33,165,25,rtm29t.jpg;ru0d7r.jpg;rtfc8x.jpg;rqc7yw.jpg;ru0g0q.jpg;rrkxko.jpg;ru3w23.jpg;rrp48w.jpg;ru5ohl.jpg;rswo0f.jpg;rs1cjf.jpg;rtv7kr.jpg;rqqn4s.jpg;ru30cg.jpg;rtswr5.jpg;rs8pqc.jpg;rrr9zf.jpg;ru63am.jpg;ru5424.jpg;rthxyi.jpg;ru5nus.jpg;rrof1e.jpg;rtyl3q.jpg;rsc64k.jpg;rto3j8.jpg
34,170,18,rrkmu3.jpg;rnm4kx.jpg;rtye9k.jpg;ru22fy.jpg;rtk3z8.jpg;rpbh5i.jpg;rsh5yz.jpg;rrov9r.jpg;rtrats.jpg;rliwh6.jpg;ru00rk.jpg;rshi4g.jpg;rtswki.jpg;ru1axc.jpg;rpm6lv.jpg;rtu1dy.jpg;rts2we.jpg;rn4ovw.jpg
35,175,6,rtu2ko.jpg;roifoi.jpg;rpbnif.jpg;rndo9q.jpg;rthgjk.jpg;roaf53.jpg
36,180,4,rm4uhh.jpg;rtpigr.jpg;rqn4hm.jpg;rtzuda.jpg
37,185,8,rt71eb.jpg;ru2ny1.jpg;ru51je.jpg;rka1sb.jpg;rt95i6.jpg;rtnbbi.jpg;ru579o.jpg;ru58ro.jpg
38,190,3,rs3rwr.jpg;rs3f2i.jpg;rtgss3.jpg
39,195,2,rsw0k3.jpg;rtxviv.jpg
40,200,0,none
41,205,3,rtm1fu.jpg;rtpfrd.jpg;rn52ur.jpg
42,210,0,none
43,215,0,none
44,220,0,none
45,225,0,none
46,230,0,none
47,235,0,none
48,240,0,none
49,245,0,none
50,250,0,none
